organization,record_origin,current_status,eligible_for_identity_comparison,exclusion_reason,profile_name,ssids,eap_methods,anonymous_identity_state,anonymous_identity_values,outer_identity_state,outer_identity_values,server_validation,server_names,organization_uid,device_config_id,portal_url,source_url,cloudconfig_url,checked_date,decode_status,cloudconfig_status,portal_http_status,cloudconfig_http_status,eap_scope_count,profile_scope,classification,use_dpi_ssl_values,use_firefox_cert_store_values,use_system_store_values,previous_decode_status,previous_eap_methods,previous_classification,evidence_id,sha256
University of South Florida,existing,profile_verified,True,,eduroam,eduroam,TLS,absent,,absent,,true,radius.net.usf.edu,69628,77707,https://cloud.securew2.com/public/69628/eduroam/,https://cloud.securew2.com/public/69628/eduroam/?device=Android,https://cloud.securew2.com/public/69628/eduroam/android/SecureW2.cloudconfig,2026-09-11,decoded_ok,downloaded_200_73636bytes,200,200,1,institution_or_organization,eap_tls;anonymous_identity_absent;outer_identity_absent,false,false,true,decoded_ok,TLS,eap_tls;websso_tls_enrollment;no_explicit_anonymous_identity;no_explicit_outer_identity;use_dpi_ssl_false;use_firefox_cert_store_false;server_validation_true,cd6404ceed488caf,1314973aaf09227fe6be7d55f9f3fddb23d55f4513afa77af68ffb08fe3e54bc
University at Buffalo,existing,profile_verified,True,,eduroam-tls,eduroam,TLS,absent,,absent,,true,*.cit.buffalo.edu,64546,80172,https://cloud.securew2.com/public/64546/eduroam-tls/,https://cloud.securew2.com/public/64546/eduroam-tls/?device=Android,https://cloud.securew2.com/public/64546/eduroam-tls/android/SecureW2.cloudconfig,2026-09-11,decoded_ok,downloaded_200_84521bytes,200,200,1,institution_or_organization,eap_tls;anonymous_identity_absent;outer_identity_absent,false,false,true,decoded_ok,TLS,eap_tls;websso_tls_enrollment;no_explicit_anonymous_identity;no_explicit_outer_identity;use_dpi_ssl_false;use_firefox_cert_store_false;server_validation_true,6b688043be12ecad,d849869717028f6b2e532a5e480b0a5e5dbebcdc65a2c9ae3128d5371b638e06
Georgia Institute of Technology,existing,profile_verified,True,,eduroam,eduroam,TLS,configured,anonymous@gatech.edu,absent,,true,lawn.gatech.edu,38680,79832,https://cloud.securew2.com/public/38680/eduroam/,https://cloud.securew2.com/public/38680/eduroam/?device=Android,https://cloud.securew2.com/public/38680/eduroam/android/SecureW2.cloudconfig,2026-09-11,decoded_ok,downloaded_200_91461bytes,200,200,1,institution_or_organization,eap_tls;anonymous_identity_configured;outer_identity_absent,false,false,true,decoded_ok,TLS,eap_tls;websso_tls_enrollment;anonymous_identity_configured;no_explicit_outer_identity;use_dpi_ssl_false;use_firefox_cert_store_false;server_validation_true,740d84a8a69580ce,775bd6d154fcb0575e82a9f75299da789f6204f37c567a0befe54f477cc1c43f
University of Maryland,existing,profile_verified,True,,eduroam-byod-tls,eduroam,TLS,absent,,absent,,true,wireless.umd.edu,76190,79566,https://cloud.securew2.com/public/76190/eduroam-byod-tls/,https://cloud.securew2.com/public/76190/eduroam-byod-tls/?device=Android,https://cloud.securew2.com/public/76190/eduroam-byod-tls/android/SecureW2.cloudconfig,2026-09-11,decoded_ok,downloaded_200_96866bytes,200,200,2,institution_or_organization,eap_tls;anonymous_identity_absent;outer_identity_absent,false,false,true,decoded_ok,TLS,eap_tls;websso_tls_enrollment;no_explicit_anonymous_identity;no_explicit_outer_identity;use_dpi_ssl_false;use_firefox_cert_store_false;server_validation_true,73ac424316052485,43fc9936cb415fe8a3f3f404d1ab2dd689ac8ef612edd13f7f7ba29322603b57
The University of Edinburgh,existing,profile_verified,True,,eduroam,eduroam,PEAP,absent,,absent,,true,radius01.is.ed.ac.uk,23114,79846,https://cloud.securew2.com/public/23114/eduroam/,https://cloud.securew2.com/public/23114/eduroam/?device=Android,https://cloud.securew2.com/public/23114/eduroam/android/SecureW2.cloudconfig,2026-09-11,decoded_ok,downloaded_200_76398bytes,200,200,1,institution_or_organization,eap_peap;anonymous_identity_absent;outer_identity_absent,false,false,true,decoded_ok,PEAP,peap_ttls;no_explicit_anonymous_identity;no_explicit_outer_identity;use_dpi_ssl_false;use_firefox_cert_store_false;server_validation_true,27a2603a9196075b,ca7dde4b47977209368275b15792418e95dfe9df721ff353ec3949caa2093a1a
Columbia University,existing,profile_verified,True,,Columbia_U_Secure_-_eduroam_-_TLS,Columbia U Secure | eduroam,TLS,absent,,absent,,true,radius.cc.columbia.edu,28503,80635,https://cloud.securew2.com/public/28503/Columbia_U_Secure_-_eduroam_-_TLS/,https://cloud.securew2.com/public/28503/Columbia_U_Secure_-_eduroam_-_TLS/?device=Android,https://cloud.securew2.com/public/28503/Columbia_U_Secure_-_eduroam_-_TLS/android/SecureW2.cloudconfig,2026-09-11,decoded_ok,downloaded_200_87348bytes,200,200,2,institution_or_organization,eap_tls;anonymous_identity_absent;outer_identity_absent,false,false,true,decoded_ok,TLS,eap_tls;websso_tls_enrollment;no_explicit_anonymous_identity;no_explicit_outer_identity;use_dpi_ssl_false;use_firefox_cert_store_false;server_validation_true,4810261b9d2e3108,b1ea5cfffd7a1a33bf5881f73064de12f0d78b2d81b485e825d0155fe66d8d04
Cornell University,existing,profile_verified,True,,eduroam,eduroam,TLS,absent,,absent,,true,network-access.it.cornell.edu,20864,80145,https://cloud.securew2.com/public/20864/eduroam/,https://cloud.securew2.com/public/20864/eduroam/?device=Android,https://cloud.securew2.com/public/20864/eduroam/android/SecureW2.cloudconfig,2026-09-11,decoded_ok,downloaded_200_85874bytes,200,200,1,institution_or_organization,eap_tls;anonymous_identity_absent;outer_identity_absent,false,false,true,decoded_ok,TLS,eap_tls;websso_tls_enrollment;no_explicit_anonymous_identity;no_explicit_outer_identity;use_dpi_ssl_false;use_firefox_cert_store_false;server_validation_true,7dd71add61280ad7,cd40d99cc412f7637a96200aa1f2211c8699909c6f088a6eaae1024a9352309b
Montgomery County Community College,existing,profile_verified,True,,eduroam,eduroam,PEAP,absent,,absent,,false,,61572,61341,https://cloud.securew2.com/public/61572/eduroam/,https://cloud.securew2.com/public/61572/eduroam/?device=Android,https://cloud.securew2.com/public/61572/eduroam/android/SecureW2.cloudconfig,2026-09-11,decoded_ok,downloaded_200_55165bytes,200,200,1,institution_or_organization,eap_peap;anonymous_identity_absent;outer_identity_absent,false,,true,decoded_ok,PEAP,peap_ttls;no_explicit_anonymous_identity;no_explicit_outer_identity;use_dpi_ssl_false;use_firefox_cert_store_not_found;server_validation_false,1b0971a657c0490b,f3c9ee0d3f0df05479ed6d86e753fb0db3f7cfecd92e5d5e74d12d7cbe3d6837
California State University Long Beach,existing,profile_verified,True,,eduroam,eduroam,TLS,absent,,absent,,true,wifi-portal.its.csulb.edu,93210,79920,https://cloud.securew2.com/public/93210/eduroam/,https://cloud.securew2.com/public/93210/eduroam/?device=Android,https://cloud.securew2.com/public/93210/eduroam/android/SecureW2.cloudconfig,2026-09-11,decoded_ok,downloaded_200_73595bytes,200,200,1,institution_or_organization,eap_tls;anonymous_identity_absent;outer_identity_absent,false,false,true,decoded_ok,TLS,eap_tls;websso_tls_enrollment;no_explicit_anonymous_identity;no_explicit_outer_identity;use_dpi_ssl_false;use_firefox_cert_store_false;server_validation_true,d6a287922f93b838,f19154129e2fd571f45ed687d305adc04c5f796abba684070a2c4e58bdaee9d1
Purdue University,existing,profile_verified,True,,wl-prd-eduroam,eduroam,PEAP,absent,,absent,,true,dbm.i2a2.purdue.edu;iseservers.pfw.edu;iseservers.pnw.edu;radius.tcom.purdue.edu,62946,80652,https://cloud.securew2.com/public/62946/wl-prd-eduroam/,https://cloud.securew2.com/public/62946/wl-prd-eduroam/?device=Android,https://cloud.securew2.com/public/62946/wl-prd-eduroam/android/SecureW2.cloudconfig,2026-09-11,decoded_ok,downloaded_200_90698bytes,200,200,1,institution_or_organization,eap_peap;anonymous_identity_absent;outer_identity_absent,false,false,true,decoded_ok,PEAP,peap_ttls;no_explicit_anonymous_identity;no_explicit_outer_identity;use_dpi_ssl_false;use_firefox_cert_store_false;server_validation_true,8daf86708f7e0c39,ea654e0fe6215f9b3b9ef3bb515a090d95de61871a493f57d685499d89d49474
William & Mary,existing,profile_verified,True,,eduroam,eduroam,TLS,absent,,absent,,true,wireless.wm.edu,87156,78575,https://cloud.securew2.com/public/87156/eduroam/,https://cloud.securew2.com/public/87156/eduroam/?device=Android,https://cloud.securew2.com/public/87156/eduroam/android/SecureW2.cloudconfig,2026-09-11,decoded_ok,downloaded_200_80904bytes,200,200,1,institution_or_organization,eap_tls;anonymous_identity_absent;outer_identity_absent,false,false,true,decoded_ok,TLS,eap_tls;websso_tls_enrollment;no_explicit_anonymous_identity;no_explicit_outer_identity;use_dpi_ssl_false;use_firefox_cert_store_false;server_validation_true,12c0504c23132958,ff9b51345ceac037ae9fe4d18b23d5299be246b91784a4479ac680645dcb9302
California State University Fresno,existing,profile_verified,True,,eduroam,eduroam,TTLS,absent,,absent,,true,cp.fresnostate.edu,78509,80318,https://cloud.securew2.com/public/78509/eduroam/,https://cloud.securew2.com/public/78509/eduroam/?device=Android,https://cloud.securew2.com/public/78509/eduroam/android/SecureW2.cloudconfig,2026-09-11,decoded_ok,downloaded_200_76400bytes,200,200,1,institution_or_organization,eap_ttls;anonymous_identity_absent;outer_identity_absent,false,false,true,decoded_ok,TTLS,eap_tls;peap_ttls;no_explicit_anonymous_identity;no_explicit_outer_identity;use_dpi_ssl_false;use_firefox_cert_store_false;server_validation_true,dfd29213c9993cea,f2028bda6aa599f7193ecd70ce441177aa51466d643555131682b1094c09db4d
"California State Polytechnic University, Pomona",existing,profile_verified,True,,eduroam,eduroam,TLS,absent,,absent,,true,radius.cpp.edu,93050,80492,https://cloud.securew2.com/public/93050/eduroam/,https://cloud.securew2.com/public/93050/eduroam/?device=Android,https://cloud.securew2.com/public/93050/eduroam/android/SecureW2.cloudconfig,2026-09-11,decoded_ok,downloaded_200_76428bytes,200,200,1,institution_or_organization,eap_tls;anonymous_identity_absent;outer_identity_absent,false,false,true,decoded_ok,TLS,eap_tls;websso_tls_enrollment;no_explicit_anonymous_identity;no_explicit_outer_identity;use_dpi_ssl_false;use_firefox_cert_store_false;server_validation_true,c29232edaa10c780,3854c91a1bdf5bc6d7489660fef6a29d086d7e116780723ab96b50d473e02c80
Binghamton University,existing,profile_verified,True,,SectigoMigrate,eduroam,PEAP,absent,,absent,,true,busecure.binghamton.edu,54174,79076,https://cloud.securew2.com/public/54174/SectigoMigrate/,https://cloud.securew2.com/public/54174/SectigoMigrate/?device=Android,https://cloud.securew2.com/public/54174/SectigoMigrate/android/SecureW2.cloudconfig,2026-09-11,decoded_ok,downloaded_200_88003bytes,200,200,1,institution_or_organization,eap_peap;anonymous_identity_absent;outer_identity_absent,false,false,true,decoded_ok,PEAP,peap_ttls;no_explicit_anonymous_identity;no_explicit_outer_identity;use_dpi_ssl_false;use_firefox_cert_store_false;server_validation_true,23c76ba2bef226b7,bb513c3e231ee13984b815f0449b0818b277395bf370877d52f86f8e2f2db4e5
University of Michigan Flint,existing,profile_verified,True,,eduroam,eduroam,PEAP,absent,,absent,,true,pf.umflint.edu,41793,77407,https://cloud.securew2.com/public/41793/eduroam/,https://cloud.securew2.com/public/41793/eduroam/?device=Android,https://cloud.securew2.com/public/41793/eduroam/android/SecureW2.cloudconfig,2026-09-11,decoded_ok,downloaded_200_69323bytes,200,200,1,institution_or_organization,eap_peap;anonymous_identity_absent;outer_identity_absent,false,false,true,decoded_ok,PEAP,peap_ttls;no_explicit_anonymous_identity;no_explicit_outer_identity;use_dpi_ssl_false;use_firefox_cert_store_false;server_validation_true,1d1967c834080a6b,52896e1cf53f3ff851209e1b300a463b76d5067ee0695c116c244e80ab7fe097
University of North Carolina - Greensboro,existing,profile_verified,True,,eduroam-tls,eduroam,TLS,absent,,absent,,true,arubacp.uncg.edu,36422,80131,https://cloud.securew2.com/public/36422/eduroam-tls/,https://cloud.securew2.com/public/36422/eduroam-tls/?device=Android,https://cloud.securew2.com/public/36422/eduroam-tls/android/SecureW2.cloudconfig,2026-09-11,decoded_ok,downloaded_200_89142bytes,200,200,1,institution_or_organization,eap_tls;anonymous_identity_absent;outer_identity_absent,false,false,true,decoded_ok,TLS,eap_tls;websso_tls_enrollment;no_explicit_anonymous_identity;no_explicit_outer_identity;use_dpi_ssl_false;use_firefox_cert_store_false;server_validation_true,04dbc45fcfd99cf9,52a7b7e8ef4c79907675d6fab413c865d030c57bba53053297205945d234becc
University of Oregon,existing,profile_verified,True,,UO_Secure,UO Secure | eduroam,PEAP,absent,,absent,,true,*.uoregon.edu,49980,80585,https://cloud.securew2.com/public/49980/UO_Secure/,http://cloud.securew2.com/public/49980/UO_Secure/?device=Android,https://cloud.securew2.com/public/49980/UO_Secure/android/SecureW2.cloudconfig,2026-09-11,decoded_ok,downloaded_200_81369bytes,200,200,2,institution_or_organization,eap_peap;anonymous_identity_absent;outer_identity_absent,false,false,true,decoded_ok,PEAP,peap_ttls;no_explicit_anonymous_identity;no_explicit_outer_identity;use_dpi_ssl_false;use_firefox_cert_store_false;server_validation_true,91e3d50f54b6d497,644cb06ef96ba20370d9bfde6060720bf86d2f5ca7d9533eb310146369c89e05
North Carolina State University,existing,profile_verified,True,,eduroam,eduroam,TLS,absent,,absent,,true,eduroam00.comtech.ncsu.edu,12117,77183,https://cloud.securew2.com/public/12117/eduroam/,https://cloud.securew2.com/public/12117/eduroam/?device=Android,https://cloud.securew2.com/public/12117/eduroam/android/SecureW2.cloudconfig,2026-09-11,decoded_ok,downloaded_200_73811bytes,200,200,1,institution_or_organization,eap_tls;anonymous_identity_absent;outer_identity_absent,false,,true,decoded_ok,TLS,eap_tls;websso_tls_enrollment;no_explicit_anonymous_identity;no_explicit_outer_identity;use_dpi_ssl_false;use_firefox_cert_store_not_found;server_validation_true,f36d1cb87a1f2988,869e3026fcf7efea82906d5abf1e131c4e474642b248703dfc2a49379b237335
Purdue University,existing,profile_verified,True,,wl-prd-PAL3.0,PAL3.0,PEAP,absent,,absent,,true,dbm.i2a2.purdue.edu;iseservers.pfw.edu;iseservers.pnw.edu;radius.tcom.purdue.edu,62946,79401,https://cloud.securew2.com/public/62946/wl-prd-PAL3.0/,https://cloud.securew2.com/public/62946/wl-prd-PAL3.0/?device=Android,https://cloud.securew2.com/public/62946/wl-prd-PAL3.0/android/SecureW2.cloudconfig,2026-09-11,decoded_ok,downloaded_200_90899bytes,200,200,1,institution_or_organization,eap_peap;anonymous_identity_absent;outer_identity_absent,false,false,true,decoded_ok,PEAP,peap_ttls;no_explicit_anonymous_identity;no_explicit_outer_identity;use_dpi_ssl_false;use_firefox_cert_store_false;server_validation_true,b10566c60efa8cea,85546c306f645a77da1730278f1d1ca80b1ceb4b7739ab7646004512028cdcdc
University of Kent,existing,profile_verified,True,,eduroam,eduroam,PEAP,absent,,absent,,true,wifi.kent.ac.uk,11085,79070,https://cloud.securew2.com/public/11085/eduroam/,https://cloud.securew2.com/public/11085/eduroam/?device=Android,https://cloud.securew2.com/public/11085/eduroam/android/SecureW2.cloudconfig,2026-09-11,decoded_ok,downloaded_200_70617bytes,200,200,2,institution_or_organization,eap_peap;anonymous_identity_absent;outer_identity_absent,false,false,true,decoded_ok,PEAP,peap_ttls;no_explicit_anonymous_identity;no_explicit_outer_identity;use_dpi_ssl_false;use_firefox_cert_store_false;server_validation_true,7836cf3e02551d61,d3c0a9f4c2ef23a163e28e7c96ab72fd9bb623f4acda2173776b7022be26a5e1
Florida Gulf Coast University,existing,profile_verified,True,,eduroam,eduroam,TLS,absent,,absent,,true,FGCU-Radius03.primary.ad.fgcu.edu,00457,76052,https://cloud.securew2.com/public/00457/eduroam/,https://cloud.securew2.com/public/00457/eduroam/?device=Android,https://cloud.securew2.com/public/00457/eduroam/android/SecureW2.cloudconfig,2026-09-11,decoded_ok,downloaded_200_18265bytes,200,200,1,institution_or_organization,eap_tls;anonymous_identity_absent;outer_identity_absent,false,false,true,decoded_ok,TLS,eap_tls;websso_tls_enrollment;no_explicit_anonymous_identity;no_explicit_outer_identity;use_dpi_ssl_false;use_firefox_cert_store_false;server_validation_true,ed51e4a0ec2d6706,367475cd404b943e871ce1bcf66784307eea029aea7c87a1091fa5ed1b722cf2
Liberty University,existing,profile_verified,True,,eduroam,eduroam,TLS,configured,@liberty.edu,absent,,true,*.liberty.edu;LUACP01.University.liberty.edu,46449,79962,https://cloud.securew2.com/public/46449/eduroam/,https://cloud.securew2.com/public/46449/eduroam/?device=Android,https://cloud.securew2.com/public/46449/eduroam/android/SecureW2.cloudconfig,2026-09-11,decoded_ok,downloaded_200_91501bytes,200,200,1,institution_or_organization,eap_tls;anonymous_identity_configured;outer_identity_absent,false,false,true,decoded_ok,TLS,eap_tls;websso_tls_enrollment;anonymous_identity_configured;no_explicit_outer_identity;use_dpi_ssl_false;use_firefox_cert_store_false;server_validation_true,30fff0d83a918e78,e269ec51db60affeaab121a91d13569fd7b1e7ff9fe9a6ee906a768c70cd72d9
University of Pennsylvania,existing,profile_verified,True,,eduroam,eduroam,TLS,absent,,absent,,true,noc1.dccs.upenn.edu,29559,80386,https://cloud.securew2.com/public/29559/eduroam/,https://cloud.securew2.com/public/29559/eduroam/?device=Android,https://cloud.securew2.com/public/29559/eduroam/android/SecureW2.cloudconfig,2026-09-11,decoded_ok,downloaded_200_74182bytes,200,200,1,institution_or_organization,eap_tls;anonymous_identity_absent;outer_identity_absent,false,false,true,decoded_ok,TTLS,eap_tls;peap_ttls;no_explicit_anonymous_identity;no_explicit_outer_identity;use_dpi_ssl_false;use_firefox_cert_store_false;server_validation_true,da423926a825b8ad,9b485de3474256212b35533b20c2840d48d5602a45e167296798dd25d1458578
Michigan State University,existing,profile_verified,True,,eduroam 802.1x,eduroam,TLS,absent,,absent,,true,wireless.auth.msu.edu,21218,77828,https://cloud.securew2.com/public/21218/eduroam_802.1x/,https://cloud.securew2.com/public/21218/eduroam_802.1x/?device=Android,https://cloud.securew2.com/public/21218/eduroam_802.1x/android/SecureW2.cloudconfig,2026-09-11,decoded_ok,downloaded_200_79437bytes,200,200,1,institution_or_organization,eap_tls;anonymous_identity_absent;outer_identity_absent,false,false,true,decoded_ok,TLS,eap_tls;websso_tls_enrollment;no_explicit_anonymous_identity;no_explicit_outer_identity;use_dpi_ssl_false;use_firefox_cert_store_false;server_validation_true,770f47c05a44bc71,740755109a4a43631f4bd4e3285441b3c94fc06bf112b75c5a6d3ed4d0a415ea
Texas A&M University,existing,profile_verified,True,,TAMU_WiFi,TAMU_WiFi,TLS,absent,,absent,,true,net.tamu.edu,05075,80193,https://cloud.securew2.com/public/05075/TAMU_WiFi/,https://cloud.securew2.com/public/05075/TAMU_WiFi/?device=Android,https://cloud.securew2.com/public/05075/TAMU_WiFi/android/SecureW2.cloudconfig,2026-09-11,decoded_ok,downloaded_200_65678bytes,200,200,1,institution_or_organization,eap_tls;anonymous_identity_absent;outer_identity_absent,false,false,true,decoded_ok,TLS,eap_tls;websso_tls_enrollment;no_explicit_anonymous_identity;no_explicit_outer_identity;use_dpi_ssl_false;use_firefox_cert_store_false;server_validation_true,543e9c64be38fa65,21bbaef1b118963ed4bb0d57fffdd7c5c8c3eea74311a771708913069e6a5443
Snow College,existing,profile_verified,True,,Eduroam,eduroam,TLS,absent,,absent,,true,eduroam.snow.edu,98609,78401,https://cloud.securew2.com/public/98609/Eduroam/,https://cloud.securew2.com/public/98609/Eduroam/?device=Android,https://cloud.securew2.com/public/98609/Eduroam/android/SecureW2.cloudconfig,2026-09-11,decoded_ok,downloaded_200_88668bytes,200,200,1,institution_or_organization,eap_tls;anonymous_identity_absent;outer_identity_absent,false,false,true,decoded_ok,TLS,eap_tls;websso_tls_enrollment;no_explicit_anonymous_identity;no_explicit_outer_identity;use_dpi_ssl_false;use_firefox_cert_store_false;server_validation_true,de051231c60a028d,a91b879481be430ad48834229151d8dc017f2a3b073ec1b7f27243d9702aafb1
Florida Southern College,existing,profile_verified,True,,FSC Portal ID,FSC Campus Wireless,TTLS,absent,,absent,,true,portal.myweblogon.com,78036,23109,https://cloud.securew2.com/public/78036/FSC_Portal_ID/,https://cloud.securew2.com/public/78036/FSC_Portal_ID/?device=Android,https://cloud.securew2.com/public/78036/FSC_Portal_ID/android/SecureW2.cloudconfig,2026-09-11,decoded_ok,downloaded_200_24965bytes,200,200,1,institution_or_organization,eap_ttls;anonymous_identity_absent;outer_identity_absent,,,true,decoded_ok,TTLS,eap_tls;peap_ttls;no_explicit_anonymous_identity;no_explicit_outer_identity;use_dpi_ssl_not_found;use_firefox_cert_store_not_found;server_validation_true,c32596a5ab938cff,b505ca8a33a2e8e082658f8cdac4bb6f6a45fd76581b834f0f3ba031bc46eaf2
Heriot-Watt University,existing,profile_verified,True,,eduroam,eduroam,PEAP,absent,,absent,,true,eduroam.hw.ac.uk,12133,80008,https://cloud.securew2.com/public/12133/eduroam/,https://cloud.securew2.com/public/12133/eduroam/?device=Android,https://cloud.securew2.com/public/12133/eduroam/android/SecureW2.cloudconfig,2026-09-11,decoded_ok,downloaded_200_79700bytes,200,200,1,institution_or_organization,eap_peap;anonymous_identity_absent;outer_identity_absent,false,false,true,decoded_ok,PEAP,peap_ttls;no_explicit_anonymous_identity;no_explicit_outer_identity;use_dpi_ssl_false;use_firefox_cert_store_false;server_validation_true,a759b2a9374d0676,3f3365c4494e4053c8c3e22f1daebad0d3c1a3bb186ff5ad21fc564a7b2dc59d
University of Southern Queensland,existing,profile_verified,True,,EDUROAM-TEST,eduroam,PEAP,absent,,absent,,true,ise-k6-adm-t1.usq.edu.au,15944,79689,https://cloud.securew2.com/public/15944/EDUROAM-TEST/,https://cloud.securew2.com/public/15944/EDUROAM-TEST/?device=Android,https://cloud.securew2.com/public/15944/EDUROAM-TEST/android/SecureW2.cloudconfig,2026-09-11,decoded_ok,downloaded_200_71118bytes,200,200,1,institution_or_organization,eap_peap;anonymous_identity_absent;outer_identity_absent,false,false,true,decoded_ok,PEAP,peap_ttls;no_explicit_anonymous_identity;no_explicit_outer_identity;use_dpi_ssl_false;use_firefox_cert_store_false;server_validation_true,eb354e476c5eb0a0,99d5f3ad84badff3d92f47009f579d83e44d89f7e8107814d1ff80507a2fc390
University of Colorado Boulder,existing,profile_verified,True,,eduroam,eduroam,PEAP,absent,,absent,,true,dot1x.colorado.edu,41406,77334,https://cloud.securew2.com/public/41406/eduroam/,https://cloud.securew2.com/public/41406/eduroam/?device=Android,https://cloud.securew2.com/public/41406/eduroam/android/SecureW2.cloudconfig,2026-09-11,decoded_ok,downloaded_200_72653bytes,200,200,1,institution_or_organization,eap_peap;anonymous_identity_absent;outer_identity_absent,false,false,true,decoded_ok,PEAP,peap_ttls;no_explicit_anonymous_identity;no_explicit_outer_identity;use_dpi_ssl_false;use_firefox_cert_store_false;server_validation_true,aa12014c9cfca11a,73673923293d440e6b9f3a21005ffe6be11d892c8fb831199ae01714939f9fe5
Minnesota State Community and Technical College,existing,profile_verified,True,,StuLAN,StuLAN,TTLS,absent,,absent,,false,,32753,7358,https://cloud.securew2.com/public/32753/StuLAN/,https://cloud.securew2.com/public/32753/StuLAN/?device=Android,https://cloud.securew2.com/public/32753/StuLAN/android/SecureW2.cloudconfig,2026-09-11,decoded_ok,downloaded_200_12280bytes,200,200,1,institution_or_organization,eap_ttls;anonymous_identity_absent;outer_identity_absent,,,,decoded_ok,TTLS,eap_tls;peap_ttls;no_explicit_anonymous_identity;no_explicit_outer_identity;use_dpi_ssl_not_found;use_firefox_cert_store_not_found;server_validation_false,ec6e504d8a24e70b,1229154710983de94ed04d4a7047ca8eeab3573d7affe008431820659d5b03b1
Leeds Trinity University,existing,profile_verified,True,,eduroam,eduroam,PEAP,absent,,absent,,true,eduroam.leedstrinity.ac.uk,75254,16354,https://cloud.securew2.com/public/75254/eduroam/,https://cloud.securew2.com/public/75254/eduroam/?device=Android,https://cloud.securew2.com/public/75254/eduroam/android/SecureW2.cloudconfig,2026-09-11,decoded_ok,downloaded_200_25810bytes,200,200,1,institution_or_organization,eap_peap;anonymous_identity_absent;outer_identity_absent,,,true,decoded_ok,PEAP,peap_ttls;no_explicit_anonymous_identity;no_explicit_outer_identity;use_dpi_ssl_not_found;use_firefox_cert_store_not_found;server_validation_true,33658e4210f99e22,1c84595da1dbf49f30da254d1c3f75911ad943e84dab4adfe5dc3c5eacb404b2
Purdue University,existing,profile_verified,True,,fw-prd-Purdue_Fort_Wayne,Purdue Fort Wayne,PEAP,absent,,absent,,true,*.pfw.edu,62946,78175,https://cloud.securew2.com/public/62946/fw-prd-Purdue_Fort_Wayne/,https://cloud.securew2.com/public/62946/fw-prd-Purdue_Fort_Wayne/?device=Android,https://cloud.securew2.com/public/62946/fw-prd-Purdue_Fort_Wayne/android/SecureW2.cloudconfig,2026-09-11,decoded_ok,downloaded_200_77164bytes,200,200,1,institution_or_organization,eap_peap;anonymous_identity_absent;outer_identity_absent,false,false,true,decoded_ok,PEAP,peap_ttls;no_explicit_anonymous_identity;no_explicit_outer_identity;use_dpi_ssl_false;use_firefox_cert_store_false;server_validation_true,cbb3f79887ed85db,e4ec9247bf933e21f6dea57395e344574c4f4df819580f02b123fa95ad004671
Purdue University,existing,profile_verified,True,,fw-prd-eduroam,eduroam,PEAP,absent,,absent,,true,dbm.i2a2.purdue.edu;iseservers.pfw.edu;iseservers.pnw.edu;radius.tcom.purdue.edu,62946,80653,https://cloud.securew2.com/public/62946/fw-prd-eduroam/,https://cloud.securew2.com/public/62946/fw-prd-eduroam/?device=Android,https://cloud.securew2.com/public/62946/fw-prd-eduroam/android/SecureW2.cloudconfig,2026-09-11,decoded_ok,downloaded_200_90698bytes,200,200,1,institution_or_organization,eap_peap;anonymous_identity_absent;outer_identity_absent,false,false,true,decoded_ok,PEAP,peap_ttls;no_explicit_anonymous_identity;no_explicit_outer_identity;use_dpi_ssl_false;use_firefox_cert_store_false;server_validation_true,01556337d83eaeea,290f1a5d673011079d13c80e738ecf198f12ed9ec3387bf628cb3d1ce114a3bc
University of Nevada Las Vegas,existing,profile_verified,True,,eduroam,eduroam,TLS,absent,,absent,,true,wifi.net.unlv.edu,08514,80782,https://cloud.securew2.com/public/08514/eduroam/,https://cloud.securew2.com/public/08514/eduroam/?device=Android,https://cloud.securew2.com/public/08514/eduroam/android/SecureW2.cloudconfig,2026-09-11,decoded_ok,downloaded_200_76382bytes,200,200,1,institution_or_organization,eap_tls;anonymous_identity_absent;outer_identity_absent,false,false,true,decoded_ok,TLS,eap_tls;websso_tls_enrollment;no_explicit_anonymous_identity;no_explicit_outer_identity;use_dpi_ssl_false;use_firefox_cert_store_false;server_validation_true,eede0bd1157cf6d8,11955b026e7d99fbfa651f333ccdc3b74335530e51bc23da1b2ecfea50efe267
University of Dayton,existing,profile_verified,True,,eduroam,eduroam,PEAP,absent,,absent,,true,radius1.servers.udayton.edu,52864,79272,https://cloud.securew2.com/public/52864/eduroam/,https://cloud.securew2.com/public/52864/eduroam/?device=Android,https://cloud.securew2.com/public/52864/eduroam/android/SecureW2.cloudconfig,2026-09-11,decoded_ok,downloaded_200_72626bytes,200,200,1,institution_or_organization,eap_peap;anonymous_identity_absent;outer_identity_absent,false,false,true,decoded_ok,PEAP,peap_ttls;no_explicit_anonymous_identity;no_explicit_outer_identity;use_dpi_ssl_false;use_firefox_cert_store_false;server_validation_true,8e6fe82ba187a4a1,c8fdab0308aaf25204f6c89e80eb83220a3a6d61005e42f55755b1ca85b744ae
SIUE,existing,profile_verified,True,,SIUE-eduroam-TLS,eduroam,TLS,absent,,absent,,true,itsnpas1.isg.siue.edu;itsnpas2.isg.siue.edu;itsnpas1.campus.siue.edu;itsnpas2.campus.siue.edu;itsnpas3.isg.siue.edu;itsnpas3.campus.siue.edu;itsnpas4.isg.siue.edu;itsnpas4.campus.siue.edu,54488,79611,https://cloud.securew2.com/public/54488/SIUE-eduroam-TLS/,https://cloud.securew2.com/public/54488/SIUE-eduroam-TLS/?device=Android,https://cloud.securew2.com/public/54488/SIUE-eduroam-TLS/android/SecureW2.cloudconfig,2026-09-11,decoded_ok,downloaded_200_68940bytes,200,200,1,institution_or_organization,eap_tls;anonymous_identity_absent;outer_identity_absent,false,false,true,decoded_ok,TLS,eap_tls;websso_tls_enrollment;no_explicit_anonymous_identity;no_explicit_outer_identity;use_dpi_ssl_false;use_firefox_cert_store_false;server_validation_true,8f84eacd61ea390d,406a8fcf700edba388d9fc3d07b31b46e45940c5708d37becece07a74f681538
Deakin University,existing,profile_verified,True,,Deakin_Eduroam,eduroam,PEAP,absent,,absent,,true,eduroam.deakin.edu.au,81205,79690,https://cloud.securew2.com/public/81205/Deakin_Eduroam/,https://cloud.securew2.com/public/81205/Deakin_Eduroam/?device=Android,https://cloud.securew2.com/public/81205/Deakin_Eduroam/android/SecureW2.cloudconfig,2026-09-11,decoded_ok,downloaded_200_70016bytes,200,200,1,institution_or_organization,eap_peap;anonymous_identity_absent;outer_identity_absent,false,false,true,decoded_ok,PEAP,peap_ttls;no_explicit_anonymous_identity;no_explicit_outer_identity;use_dpi_ssl_false;use_firefox_cert_store_false;server_validation_true,1694ec1a8e9e89cc,85d4d06a47cf47befed19140300d79310a7e4b091d816891ee8439a6759ca364
Edith Cowan University,existing,profile_verified,True,,eduroam,eduroam,TLS,absent,,absent,,true,nps-jo-p1.ads.ecu.edu.au;nps-ml-p1.ads.ecu.edu.au;eduroam.ecu.edu.au;netauth.ecu.edu.au,74198,80720,https://cloud.securew2.com/public/74198/eduroam/,https://cloud.securew2.com/public/74198/eduroam/?device=Android,https://cloud.securew2.com/public/74198/eduroam/android/SecureW2.cloudconfig,2026-09-11,decoded_ok,downloaded_200_84014bytes,200,200,1,institution_or_organization,eap_tls;anonymous_identity_absent;outer_identity_absent,false,false,true,decoded_ok,TLS,eap_tls;websso_tls_enrollment;no_explicit_anonymous_identity;no_explicit_outer_identity;use_dpi_ssl_false;use_firefox_cert_store_false;server_validation_true,ea7e7ade327b7b84,8cbd646dd267cc5a509118b8381c361c24f0f5cd371f57007343124ede667d02
University of Pennsylvania,existing,profile_verified,True,,AirPennNet_TLS,AirPennNet,TLS,absent,,absent,,true,noc1.dccs.upenn.edu,29559,79255,https://cloud.securew2.com/public/29559/AirPennNet_TLS/,https://cloud.securew2.com/public/29559/AirPennNet_TLS/?device=Android,https://cloud.securew2.com/public/29559/AirPennNet_TLS/android/SecureW2.cloudconfig,2026-09-11,decoded_ok,downloaded_200_75258bytes,200,200,1,institution_or_organization,eap_tls;anonymous_identity_absent;outer_identity_absent,false,false,true,decoded_ok,TLS,eap_tls;websso_tls_enrollment;no_explicit_anonymous_identity;no_explicit_outer_identity;use_dpi_ssl_false;use_firefox_cert_store_false;server_validation_true,a49cb5f8afd3c38a,6768d0307d45be9f457db6be40c19551ace2138e16ff450e4e7355fa1ae9b1ab
Salisbury University,existing,profile_verified,True,,Personally Owned Device,SU-Secure,PEAP,absent,,absent,,true,*.salisbury.edu,13917,79138,https://cloud.securew2.com/public/13917/Personally_Owned_Device/,https://cloud.securew2.com/public/13917/Personally_Owned_Device/?device=Android,https://cloud.securew2.com/public/13917/Personally_Owned_Device/android/SecureW2.cloudconfig,2026-09-11,decoded_ok,downloaded_200_82483bytes,200,200,1,institution_or_organization,eap_peap;anonymous_identity_absent;outer_identity_absent,false,false,true,decoded_ok,PEAP,peap_ttls;no_explicit_anonymous_identity;no_explicit_outer_identity;use_dpi_ssl_false;use_firefox_cert_store_false;server_validation_true,abfaad5613f29daf,15148ecf7288ff2db1c3dc5bec811198b2a8d5060c92e6cfefe522bfe36b2c1f
Pennsylvania State University,existing,profile_verified,True,,byod-tls,eduroam,TLS,absent,,absent,,true,radius1.aset.psu.edu,74639,80472,https://cloud.securew2.com/public/74639/byod-tls/,https://cloud.securew2.com/public/74639/byod-tls/?device=Android,https://cloud.securew2.com/public/74639/byod-tls/android/SecureW2.cloudconfig,2026-09-11,decoded_ok,downloaded_200_73059bytes,200,200,1,institution_or_organization,eap_tls;anonymous_identity_absent;outer_identity_absent,false,false,true,decoded_ok,TLS,eap_tls;websso_tls_enrollment;no_explicit_anonymous_identity;no_explicit_outer_identity;use_dpi_ssl_false;use_firefox_cert_store_false;server_validation_true,1f6c3f156e063f6c,f96d73cbce6926aa1655d4a60909a312ddabf0b7022c6685a540a560e1697888
Winona State University,existing,profile_verified,True,,WSU,WSU,TLS,absent,,absent,,true,*.mist.com,02770,76687,https://cloud.securew2.com/public/02770/WSU/,https://cloud.securew2.com/public/02770/WSU/?device=Android,https://cloud.securew2.com/public/02770/WSU/android/SecureW2.cloudconfig,2026-09-11,decoded_ok,downloaded_200_75994bytes,200,200,1,institution_or_organization,eap_tls;anonymous_identity_absent;outer_identity_absent,false,false,true,decoded_ok,TLS,eap_tls;websso_tls_enrollment;no_explicit_anonymous_identity;no_explicit_outer_identity;use_dpi_ssl_false;use_firefox_cert_store_false;server_validation_true,3cf1b9408a2edc6b,5b847921527d8c79a5e55eb5763b17ceabd38969e62dfe3bd12a5a16cf863340
Utah Valley University,existing,profile_verified,True,,eduroam-profile,eduroam,TLS,absent,,absent,,true,wifisecure.net.uvu.edu,72227,78366,https://cloud.securew2.com/public/72227/eduroam-profile/,https://cloud.securew2.com/public/72227/eduroam-profile/?device=Android,https://cloud.securew2.com/public/72227/eduroam-profile/android/SecureW2.cloudconfig,2026-09-11,decoded_ok,downloaded_200_81529bytes,200,200,1,institution_or_organization,eap_tls;anonymous_identity_absent;outer_identity_absent,false,false,true,decoded_ok,TLS,eap_tls;websso_tls_enrollment;no_explicit_anonymous_identity;no_explicit_outer_identity;use_dpi_ssl_false;use_firefox_cert_store_false;server_validation_true,4015e92a404b3b82,ced9487ebe9490fb38de216d5df415cb4aaa8f2f0739b185693b0a24fca54974
La Trobe University,existing,profile_verified,True,,eduroam_TLS,eduroam,TLS,absent,,absent,,true,*.latrobe.edu.au,86576,80751,https://cloud.securew2.com/public/86576/eduroam_TLS/,https://cloud.securew2.com/public/86576/eduroam_TLS/?device=Android,https://cloud.securew2.com/public/86576/eduroam_TLS/android/SecureW2.cloudconfig,2026-09-11,decoded_ok,downloaded_200_83096bytes,200,200,1,institution_or_organization,eap_tls;anonymous_identity_absent;outer_identity_absent,false,false,true,decoded_ok,TLS,eap_tls;websso_tls_enrollment;no_explicit_anonymous_identity;no_explicit_outer_identity;use_dpi_ssl_false;use_firefox_cert_store_false;server_validation_true,bca0460388ea55e3,095b7e59e45be4778cb24e72dd680483081747dc7def127c86abde4649d8c398
California State University Sacramento,existing,profile_verified,True,,eduroam,eduroam,PEAP,absent,,absent,,true,*.netauth.csus.edu,75808,76761,https://cloud.securew2.com/public/75808/eduroam/,https://cloud.securew2.com/public/75808/eduroam/?device=Android,https://cloud.securew2.com/public/75808/eduroam/android/SecureW2.cloudconfig,2026-09-11,decoded_ok,downloaded_200_66671bytes,200,200,1,institution_or_organization,eap_peap;anonymous_identity_absent;outer_identity_absent,false,,true,decoded_ok,PEAP,peap_ttls;no_explicit_anonymous_identity;no_explicit_outer_identity;use_dpi_ssl_false;use_firefox_cert_store_not_found;server_validation_true,d0c79b3f5acbdb4a,e6dc876f40bec9a1b203973d0fec730875568157b30d3ec5bf597d87a89ef25b
Illinois State University,existing,profile_verified,True,,eduroam,eduroam,TLS,absent,,absent,,true,wireless.ilstu.edu,96262,80638,https://cloud.securew2.com/public/96262/eduroam/,https://cloud.securew2.com/public/96262/eduroam/?device=Android,https://cloud.securew2.com/public/96262/eduroam/android/SecureW2.cloudconfig,2026-09-11,decoded_ok,downloaded_200_96684bytes,200,200,1,institution_or_organization,eap_tls;anonymous_identity_absent;outer_identity_absent,false,false,true,decoded_ok,TLS,eap_tls;websso_tls_enrollment;no_explicit_anonymous_identity;no_explicit_outer_identity;use_dpi_ssl_false;use_firefox_cert_store_false;server_validation_true,6dea8502c3b89a42,4dd7e7d60b5d4834ca2fd8cc1fd812087c0c2261ba8540466a84c78770dd33f1
Princeton University,existing,profile_verified,True,,Princeton-WiFi-Onboard,eduroam,TLS,absent,,absent,,true,*.princeton.edu,46346,79694,https://cloud.securew2.com/public/46346/Princeton-WiFi-Onboard/,https://cloud.securew2.com/public/46346/Princeton-WiFi-Onboard/?device=Android,https://cloud.securew2.com/public/46346/Princeton-WiFi-Onboard/android/SecureW2.cloudconfig,2026-09-11,decoded_ok,downloaded_200_84229bytes,200,200,1,institution_or_organization,eap_tls;anonymous_identity_absent;outer_identity_absent,false,false,true,decoded_ok,TLS,eap_tls;websso_tls_enrollment;no_explicit_anonymous_identity;no_explicit_outer_identity;use_dpi_ssl_false;use_firefox_cert_store_false;server_validation_true,f1507e4c920d26fc,1c7d90b546d45357c26f524de02d2644eb6d7766093922791b0c6243e5cb9bdc
Algonquin College,existing,profile_verified,True,,ACSecure,ACSecure,PEAP,absent,,absent,,true,wirelesslogin.algonquincollege.com,24618,77989,https://cloud.securew2.com/public/24618/ACSecure/,https://cloud.securew2.com/public/24618/ACSecure/?device=Android,https://cloud.securew2.com/public/24618/ACSecure/android/SecureW2.cloudconfig,2026-09-11,decoded_ok,downloaded_200_73553bytes,200,200,1,institution_or_organization,eap_peap;anonymous_identity_absent;outer_identity_absent,false,false,true,decoded_ok,PEAP,peap_ttls;no_explicit_anonymous_identity;no_explicit_outer_identity;use_dpi_ssl_false;use_firefox_cert_store_false;server_validation_true,f435c73e78733351,e95ee87e84f38361b5750cc9a5f614e36f6e54577b4902aa549ccd484041a4de
Angelo State University,existing,profile_verified,True,,secure.angelo.edu,secure.angelo.edu,PEAP,absent,,absent,,true,ise-psn01.angelo.edu;ise-psn02.angelo.edu;ise-psn03.angelo.edu,19436,80320,https://cloud.securew2.com/public/19436/secure.angelo.edu/,https://cloud.securew2.com/public/19436/secure.angelo.edu/?device=Android,https://cloud.securew2.com/public/19436/secure.angelo.edu/android/SecureW2.cloudconfig,2026-09-11,decoded_ok,downloaded_200_69726bytes,200,200,1,institution_or_organization,eap_peap;anonymous_identity_absent;outer_identity_absent,false,false,true,decoded_ok,PEAP,peap_ttls;no_explicit_anonymous_identity;no_explicit_outer_identity;use_dpi_ssl_false;use_firefox_cert_store_false;server_validation_true,bf743b143a998d63,42ba232028e90a2012b6b4e5d2ff40c7597c29200ef7fd9e9c8e9163a981f2ce
Harvard University,existing,profile_verified,True,,Wireless - Harvard Secure and eduroam (TLS),Harvard Secure | eduroam,TLS,absent,,absent,,true,*.noc.harvard.edu,23531,80168,https://cloud.securew2.com/public/23531/Wireless_-_Harvard_Secure_and_eduroam_(TLS)/,https://cloud.securew2.com/public/23531/Wireless_-_Harvard_Secure_and_eduroam_(TLS)/?device=Android,https://cloud.securew2.com/public/23531/Wireless_-_Harvard_Secure_and_eduroam_(TLS)/android/SecureW2.cloudconfig,2026-09-11,decoded_ok,downloaded_200_79548bytes,200,200,2,institution_or_organization,eap_tls;anonymous_identity_absent;outer_identity_absent,false,false,true,decoded_ok,TLS,eap_tls;websso_tls_enrollment;no_explicit_anonymous_identity;no_explicit_outer_identity;use_dpi_ssl_false;use_firefox_cert_store_not_found;server_validation_true,973b760a1e2f7003,1ca7201eee820b00f825b1b2345c56130b59b9f323f56d8af76f5952533fa297
Christopher Newport University,existing,profile_verified,True,,eduroam,eduroam,TLS,absent,,absent,,true,cppmpub.cnuadmin.cnu.edu,12068,79552,https://cloud.securew2.com/public/12068/eduroam/,https://cloud.securew2.com/public/12068/eduroam/?device=Android,https://cloud.securew2.com/public/12068/eduroam/android/SecureW2.cloudconfig,2026-09-11,decoded_ok,downloaded_200_99130bytes,200,200,1,institution_or_organization,eap_tls;anonymous_identity_absent;outer_identity_absent,false,false,true,decoded_ok,TLS,eap_tls;websso_tls_enrollment;no_explicit_anonymous_identity;no_explicit_outer_identity;use_dpi_ssl_false;use_firefox_cert_store_false;server_validation_true,80d1f1e807e5c746,03d46ea847dabdd98c16479342cf10b01ab5dd8787fdb248f02316d117369c5d
Utah State University,existing,profile_verified,True,,USU,eduroam,TLS,absent,,absent,,true,eduroam.usu.edu,49984,73956,https://cloud.securew2.com/public/49984/USU/,https://cloud.securew2.com/public/49984/USU/?device=Android,https://cloud.securew2.com/public/49984/USU/android/SecureW2.cloudconfig,2026-09-11,decoded_ok,downloaded_200_78689bytes,200,200,1,institution_or_organization,eap_tls;anonymous_identity_absent;outer_identity_absent,false,false,true,decoded_ok,TLS,eap_tls;websso_tls_enrollment;no_explicit_anonymous_identity;no_explicit_outer_identity;use_dpi_ssl_false;use_firefox_cert_store_false;server_validation_true,6b468045e97e23a9,8a0e0c1a01fc76a34d5cd8293048bbb4562b24c31920501e6085bd6b7658f9d6
Universiteit van Amsterdam,existing,profile_verified,True,,uva,eduroam,PEAP,configured,anonymous@uva.nl,absent,,true,radius.uva.nl,40655,80070,https://cloud.securew2.com/public/40655/uva/,https://cloud.securew2.com/public/40655/uva/?device=Android,https://cloud.securew2.com/public/40655/uva/android/SecureW2.cloudconfig,2026-09-11,decoded_ok,downloaded_200_25013bytes,200,200,1,institution_or_organization,eap_peap;anonymous_identity_configured;outer_identity_absent,false,false,true,decoded_ok,PEAP,peap_ttls;anonymous_identity_configured;no_explicit_outer_identity;use_dpi_ssl_false;use_firefox_cert_store_false;server_validation_true,21be12158c75cfd6,97d8b56328c203fa0b8c11cfa6cd7d70bea533a622436f952f0cc073ea91babe
Binghamton University,existing,profile_verified,True,,eduroam,eduroam,PEAP,absent,,absent,,true,busecure.binghamton.edu,54174,76913,https://cloud.securew2.com/public/54174/eduroam/,https://cloud.securew2.com/public/54174/eduroam/?device=Android,https://cloud.securew2.com/public/54174/eduroam/android/SecureW2.cloudconfig,2026-09-11,decoded_ok,downloaded_200_88309bytes,200,200,1,institution_or_organization,eap_peap;anonymous_identity_absent;outer_identity_absent,false,false,true,decoded_ok,PEAP,peap_ttls;no_explicit_anonymous_identity;no_explicit_outer_identity;use_dpi_ssl_false;use_firefox_cert_store_false;server_validation_true,bd6b2dbe2dbf74f8,f76459cd4ec22b6ff9b8a82462a414c9d416baed9aaec8aee9179154596af7b4
University of San Francisco,existing,profile_verified,True,,USF Wireless,USF-Wireless,PEAP,absent,,absent,,true,*.usfca.edu,54994,66412,https://cloud.securew2.com/public/54994/USF_Wireless/,https://cloud.securew2.com/public/54994/USF_Wireless/?device=Android,https://cloud.securew2.com/public/54994/USF_Wireless/android/SecureW2.cloudconfig,2026-09-11,decoded_ok,downloaded_200_76401bytes,200,200,1,institution_or_organization,eap_peap;anonymous_identity_absent;outer_identity_absent,false,false,true,decoded_ok,PEAP,peap_ttls;no_explicit_anonymous_identity;no_explicit_outer_identity;use_dpi_ssl_false;use_firefox_cert_store_false;server_validation_true,5976dc218ae730c2,07358f6969220475a09b8d2d51b2715ac5c26cd2c209868c0e78625e325de110
Queens University Belfast,existing,profile_verified,True,,QWiFi-e,_QUB_WiFi | eduroam,PEAP,absent,,absent,,true,cwradius.qub.ac.uk,69366,77237,https://cloud.securew2.com/public/69366/QWiFi-e/,https://cloud.securew2.com/public/69366/QWiFi-e/?device=Android,https://cloud.securew2.com/public/69366/QWiFi-e/android/SecureW2.cloudconfig,2026-09-11,decoded_ok,downloaded_200_87565bytes,200,200,2,institution_or_organization,eap_peap;anonymous_identity_absent;outer_identity_absent,false,,true,decoded_ok,PEAP,peap_ttls;no_explicit_anonymous_identity;no_explicit_outer_identity;use_dpi_ssl_false;use_firefox_cert_store_not_found;server_validation_true,6bad363a371214ff,c5469ab6a034b4ef786e53b6ab2d6cbf4b131a47935b31c61cd25169103c4b93
University of Chicago,existing,profile_verified,True,,eduroam-peap-clearpass,eduroam,PEAP,absent,,absent,,true,*.uchicago.edu,41155,78048,https://cloud.securew2.com/public/41155/eduroam-peap-clearpass/,https://cloud.securew2.com/public/41155/eduroam-peap-clearpass/?device=Android,https://cloud.securew2.com/public/41155/eduroam-peap-clearpass/android/SecureW2.cloudconfig,2026-09-11,decoded_ok,downloaded_200_70284bytes,200,200,1,institution_or_organization,eap_peap;anonymous_identity_absent;outer_identity_absent,false,false,true,decoded_ok,PEAP,peap_ttls;no_explicit_anonymous_identity;no_explicit_outer_identity;use_dpi_ssl_false;use_firefox_cert_store_false;server_validation_true,da317390ae01e42c,210f75892807c632a724e8360c2ca5c0a43834559dce55d0ddd40eb02486048d
California State University Fullerton,existing,profile_verified,True,,eduroam,eduroam,PEAP,absent,,absent,,true,*.fullerton.edu,14819,49217,https://cloud.securew2.com/public/14819/eduroam/,https://cloud.securew2.com/public/14819/eduroam/?device=Android,https://cloud.securew2.com/public/14819/eduroam/android/SecureW2.cloudconfig,2026-09-11,decoded_ok,downloaded_200_49106bytes,200,200,1,institution_or_organization,eap_peap;anonymous_identity_absent;outer_identity_absent,false,false,true,decoded_ok,PEAP,peap_ttls;no_explicit_anonymous_identity;no_explicit_outer_identity;use_dpi_ssl_false;use_firefox_cert_store_false;server_validation_true,4707ab86974d3790,fe10272d79884eb327a8ab083e981c3887de727d5d2ae71affd6698958d16141
University of Florida,existing,profile_verified,True,,UF Wireless Setup,eduroam,PEAP,absent,,absent,,true,uf-dot1x.ufl.edu,53414,80833,https://cloud.securew2.com/public/53414/UF_Wireless_Setup/,https://cloud.securew2.com/public/53414/UF_Wireless_Setup/?device=Android,https://cloud.securew2.com/public/53414/UF_Wireless_Setup/android/SecureW2.cloudconfig,2026-09-11,decoded_ok,downloaded_200_77935bytes,200,200,1,institution_or_organization,eap_peap;anonymous_identity_absent;outer_identity_absent,false,false,true,decoded_ok,PEAP,peap_ttls;no_explicit_anonymous_identity;no_explicit_outer_identity;use_dpi_ssl_false;use_firefox_cert_store_false;server_validation_true,9f9bfc268487ec63,2a2c65a105847c960be9f10b62dc3ca3c3cf539018c5c49294050438d0ed6458
University of Notre Dame,existing,profile_verified,True,,eduroam,eduroam,PEAP,absent,,absent,,true,*.nd.edu,18738,79693,https://cloud.securew2.com/public/18738/eduroam/,https://cloud.securew2.com/public/18738/eduroam/?device=Android,https://cloud.securew2.com/public/18738/eduroam/android/SecureW2.cloudconfig,2026-09-11,decoded_ok,downloaded_200_72466bytes,200,200,1,institution_or_organization,eap_peap;anonymous_identity_absent;outer_identity_absent,false,false,true,decoded_ok,PEAP,peap_ttls;no_explicit_anonymous_identity;no_explicit_outer_identity;use_dpi_ssl_false;use_firefox_cert_store_false;server_validation_true,3a7e3f9c120c66a0,8046b7e4b37a5b19ffff8e46c13cdc297f85d62c6ea54409bab64ee7bb62302b
University of Minnesota Duluth,existing,profile_verified,True,,eduroam,eduroam,PEAP,absent,,absent,,true,eduroam.netaccess.umn.edu,57347,6524,https://cloud.securew2.com/public/57347/eduroam/,https://cloud.securew2.com/public/57347/eduroam/?device=Android,https://cloud.securew2.com/public/57347/eduroam/android/SecureW2.cloudconfig,2026-09-11,decoded_ok,downloaded_200_14008bytes,200,200,1,institution_or_organization,eap_peap;anonymous_identity_absent;outer_identity_absent,,,true,decoded_ok,PEAP,peap_ttls;no_explicit_anonymous_identity;no_explicit_outer_identity;use_dpi_ssl_not_found;use_firefox_cert_store_not_found;server_validation_true,afab6615b6341cdc,a5f24724147830a56a0e5ab3fb3349d8672497dfd41ec4c17f8b29d2e3eb7557
University of Notre Dame,existing,profile_verified,True,,ND-secure,ND-secure | eduroam,PEAP,absent,,absent,,true,*.nd.edu,18738,79709,https://cloud.securew2.com/public/18738/ND-secure/,https://cloud.securew2.com/public/18738/ND-secure/?device=Android,https://cloud.securew2.com/public/18738/ND-secure/android/SecureW2.cloudconfig,2026-09-11,decoded_ok,downloaded_200_77955bytes,200,200,2,institution_or_organization,eap_peap;anonymous_identity_absent;outer_identity_absent,false,false,true,decoded_ok,PEAP,peap_ttls;no_explicit_anonymous_identity;no_explicit_outer_identity;use_dpi_ssl_false;use_firefox_cert_store_false;server_validation_true,3c3bda169eb9dfc1,f6269da641b50c7fafe90d483d28c28a37a897341bb26999655734968f794d58
Metropolitan State University of Denver,existing,profile_verified,True,,MSUDenver,MSUDenver,PEAP,absent,,absent,,false,,42615,24366,https://cloud.securew2.com/public/42615/MSUDenver/,https://cloud.securew2.com/public/42615/MSUDenver/?device=Android,https://cloud.securew2.com/public/42615/MSUDenver/android/SecureW2.cloudconfig,2026-09-11,decoded_ok,downloaded_200_21298bytes,200,200,1,institution_or_organization,eap_peap;anonymous_identity_absent;outer_identity_absent,,,,decoded_ok,PEAP,peap_ttls;no_explicit_anonymous_identity;no_explicit_outer_identity;use_dpi_ssl_not_found;use_firefox_cert_store_not_found;server_validation_false,45513fe93f605507,cdf7d2ede16a5edeb76cd96db11c4dcc6baa4397c08f58ebbc9a171b351c63c0
Capital University,existing,profile_verified,True,,Capital-StudentOther,Cap-StudentMobile,PEAP,absent,,absent,,true,*.capital.edu,16101,72355,https://cloud.securew2.com/public/16101/Capital-StudentOther/,https://cloud.securew2.com/public/16101/Capital-StudentOther/?device=Android,https://cloud.securew2.com/public/16101/Capital-StudentOther/android/SecureW2.cloudconfig,2026-09-11,decoded_ok,downloaded_200_75368bytes,200,200,1,institution_or_organization,eap_peap;anonymous_identity_absent;outer_identity_absent,false,false,true,decoded_ok,PEAP,peap_ttls;no_explicit_anonymous_identity;no_explicit_outer_identity;use_dpi_ssl_false;use_firefox_cert_store_false;server_validation_true,17633101afe3252b,d5e785d19b14a53f7ec517bce1472d02e5b1e07a311693c16e19a6cd4a5ba551
University of Newcastle,existing,profile_verified,True,,newcastle.edu.au,newcastle.edu.au,PEAP,absent,,absent,,true,*.newcastle.edu.au,10577,50560,https://cloud.securew2.com/public/10577/newcastle.edu.au/,https://cloud.securew2.com/public/10577/newcastle.edu.au/?device=Android,https://cloud.securew2.com/public/10577/newcastle.edu.au/android/SecureW2.cloudconfig,2026-09-11,decoded_ok,downloaded_200_48323bytes,200,200,2,institution_or_organization,eap_peap;anonymous_identity_absent;outer_identity_absent,false,false,true,decoded_ok,PEAP,peap_ttls;no_explicit_anonymous_identity;no_explicit_outer_identity;use_dpi_ssl_false;use_firefox_cert_store_false;server_validation_true,4062e9bb580b8f31,0de5f1a97d643f538331024bf73e74f351f709375d75d1febc0098a0941057a2
Hogeschool van Amsterdam,existing,profile_verified,True,,eduroam,eduroam,PEAP,configured,anonymous@hva.nl,absent,,true,radius.hva.nl,23465,79800,https://cloud.securew2.com/public/23465/eduroam/,https://cloud.securew2.com/public/23465/eduroam/?device=Android,https://cloud.securew2.com/public/23465/eduroam/android/SecureW2.cloudconfig,2026-09-11,decoded_ok,downloaded_200_70176bytes,200,200,1,institution_or_organization,eap_peap;anonymous_identity_configured;outer_identity_absent,false,false,true,decoded_ok,PEAP,peap_ttls;anonymous_identity_configured;no_explicit_outer_identity;use_dpi_ssl_false;use_firefox_cert_store_false;server_validation_true,479080a738ff3d13,fca9416fdeed8e9915d9fe181959e0ec07e9677331ff77c14bfda195e77de5b1
University of Leeds,existing,profile_verified,True,,eduroam_(Central_Admin_users_only),eduroam,PEAP,absent,,absent,,true,radius.leeds.ac.uk,26856,72262,https://cloud.securew2.com/public/26856/eduroam_(Central_Admin_users_only)/,https://cloud.securew2.com/public/26856/eduroam_(Central_Admin_users_only)/?device=Android,https://cloud.securew2.com/public/26856/eduroam_(Central_Admin_users_only)/android/SecureW2.cloudconfig,2026-09-11,decoded_ok,downloaded_200_73262bytes,200,200,1,institution_or_organization,eap_peap;anonymous_identity_absent;outer_identity_absent,false,false,true,decoded_ok,PEAP,peap_ttls;no_explicit_anonymous_identity;no_explicit_outer_identity;use_dpi_ssl_false;use_firefox_cert_store_false;server_validation_true,bbc955fd73d7cf99,fc9dad0d34d0f5159b257fe99a965f5bddc1baa7545d5c80de8589f1b980627d
University of Guelph-Humber,existing,profile_verified,True,,ugh-wifi-secure,UGH-WiFi-secure,PEAP,absent,,absent,,true,acs-annu.net.uoguelph.ca,95677,51259,https://cloud.securew2.com/public/95677/ugh-wifi-secure/,https://cloud.securew2.com/public/95677/ugh-wifi-secure/?device=Android,https://cloud.securew2.com/public/95677/ugh-wifi-secure/android/SecureW2.cloudconfig,2026-09-11,decoded_ok,downloaded_200_50420bytes,200,200,1,institution_or_organization,eap_peap;anonymous_identity_absent;outer_identity_absent,false,false,true,decoded_ok,PEAP,peap_ttls;no_explicit_anonymous_identity;no_explicit_outer_identity;use_dpi_ssl_false;use_firefox_cert_store_false;server_validation_true,8bdb1d2fcc34706e,c5249a0ea699f2afd2d752eac60fe0c2c2d82fb4bd682b5748582758c543c254
University of Cologne,existing,profile_verified,True,,eduroam,eduroam,PEAP,configured,eduroam2026@uni-koeln.de,absent,,true,radius.uni-koeln.de,83387,80800,https://cloud.securew2.com/public/83387/eduroam/,https://cloud.securew2.com/public/83387/eduroam/?device=Android,https://cloud.securew2.com/public/83387/eduroam/android/SecureW2.cloudconfig,2026-09-11,decoded_ok,downloaded_200_71559bytes,200,200,1,institution_or_organization,eap_peap;anonymous_identity_configured;outer_identity_absent,false,false,true,decoded_ok,PEAP,peap_ttls;anonymous_identity_configured;no_explicit_outer_identity;use_dpi_ssl_false;use_firefox_cert_store_false;server_validation_true,7c730e8b7f60a02b,a66cfbe9d04e209b1921f0fb4a0a8558d9bdb2506a6c86df300696664e8e6098
California State University Fullerton,existing,profile_verified,True,,CSUF-Titans,CSUF-Titans,PEAP,absent,,absent,,true,,14819,16384,https://cloud.securew2.com/public/14819/CSUF-Titans/,https://cloud.securew2.com/public/14819/CSUF-Titans/?device=Android,https://cloud.securew2.com/public/14819/CSUF-Titans/android/SecureW2.cloudconfig,2026-09-11,decoded_ok,downloaded_200_24777bytes,200,200,1,institution_or_organization,eap_peap;anonymous_identity_absent;outer_identity_absent,,,true,decoded_ok,PEAP,peap_ttls;no_explicit_anonymous_identity;no_explicit_outer_identity;use_dpi_ssl_not_found;use_firefox_cert_store_not_found;server_validation_true,b69867a6559ffa93,d08486ef73680a86fa1b32300947d67a1073177ed15d229853dd4d40d5ac982c
University of Guelph,existing,profile_verified,True,,uog-wifi-secure,uog-wifi-secure,PEAP,absent,,absent,,true,acs-annu.net.uoguelph.ca,85431,79638,https://cloud.securew2.com/public/85431/uog-wifi-secure/,https://cloud.securew2.com/public/85431/uog-wifi-secure/?device=Android,https://cloud.securew2.com/public/85431/uog-wifi-secure/android/SecureW2.cloudconfig,2026-09-11,decoded_ok,downloaded_200_66340bytes,200,200,1,institution_or_organization,eap_peap;anonymous_identity_absent;outer_identity_absent,false,false,true,decoded_ok,PEAP,peap_ttls;no_explicit_anonymous_identity;no_explicit_outer_identity;use_dpi_ssl_false;use_firefox_cert_store_false;server_validation_true,6e7296e2a6b32263,683441c7ea692a27d7a8aa11066aadab6f19f8a1539ea81f20d9f111bafbd71e
Capital University,existing,profile_verified,True,,Capital-StudentPC_TLS,Cap-StudentPC | Capital-StudentPC,PEAP | TLS,absent,,absent,,true,*.capital.edu,16101,74223,https://cloud.securew2.com/public/16101/Capital-StudentPC_TLS/,https://cloud.securew2.com/public/16101/Capital-StudentPC_TLS/?device=Android,https://cloud.securew2.com/public/16101/Capital-StudentPC_TLS/android/SecureW2.cloudconfig,2026-09-11,decoded_ok,downloaded_200_79056bytes,200,200,2,institution_or_organization,eap_peap;eap_tls;anonymous_identity_absent;outer_identity_absent,false,false,true,decoded_ok,PEAP | TLS,eap_tls;peap_ttls;websso_tls_enrollment;no_explicit_anonymous_identity;no_explicit_outer_identity;use_dpi_ssl_false;use_firefox_cert_store_false;server_validation_true,de774e32937d84bb,eeb6d1cb1ac9548f66ac8d68c5f02139c14cc529e4a594f712a24099680a49df
Vrije Universiteit Amsterdam,existing,profile_verified,True,,VU-Wireless,VU-Campusnet | eduroam,PEAP,absent,,absent,,true,*.vu.nl,42012,45240,https://cloud.securew2.com/public/42012/VU-Wireless/,https://cloud.securew2.com/public/42012/VU-Wireless/?device=Android,https://cloud.securew2.com/public/42012/VU-Wireless/android/SecureW2.cloudconfig,2026-09-11,decoded_ok,downloaded_200_49393bytes,200,200,3,institution_or_organization,eap_peap;anonymous_identity_absent;outer_identity_absent,false,false,true,decoded_ok,PEAP,peap_ttls;no_explicit_anonymous_identity;no_explicit_outer_identity;use_dpi_ssl_false;use_firefox_cert_store_false;server_validation_true,731c3266b10e7a42,2bf08cd84156c4e5d2e8947c8c516bd37beaab54a999d8f928cc3454fa041fb5
University of California - Santa Cruz,existing,profile_verified,True,,eduroam,eduroam,PEAP,absent,,absent,,true,wifiauth.ucsc.edu,40809,80189,https://cloud.securew2.com/public/40809/eduroam/,https://cloud.securew2.com/public/40809/eduroam/?device=Android,https://cloud.securew2.com/public/40809/eduroam/android/SecureW2.cloudconfig,2026-09-11,decoded_ok,downloaded_200_67128bytes,200,200,1,institution_or_organization,eap_peap;anonymous_identity_absent;outer_identity_absent,false,,true,decoded_ok,PEAP,peap_ttls;no_explicit_anonymous_identity;no_explicit_outer_identity;use_dpi_ssl_false;use_firefox_cert_store_not_found;server_validation_true,084ea1f6549bd3d5,44182ef79ef1e244954032a878c5a424b5e4e507ef45a6e286bb8083c6149e79
Victoria College,existing,profile_verified,True,,VC_WPA2,VC-WPA2,PEAP,absent,,absent,,true,radproxystu.student.victoriacollege.edu;radproxystaff.victoriacollege.edu,58537,28804,https://cloud.securew2.com/public/58537/VC_WPA2/,https://cloud.securew2.com/public/58537/VC_WPA2/?device=Android,https://cloud.securew2.com/public/58537/VC_WPA2/android/SecureW2.cloudconfig,2026-09-11,decoded_ok,downloaded_200_32106bytes,200,200,1,institution_or_organization,eap_peap;anonymous_identity_absent;outer_identity_absent,false,false,true,decoded_ok,PEAP,peap_ttls;no_explicit_anonymous_identity;no_explicit_outer_identity;use_dpi_ssl_false;use_firefox_cert_store_false;server_validation_true,40059f52b9666cd5,0e3f7d734c29e9a7a20324d04426354561c68b83fc9362c2717ccd425754e577
Universidad de Almeria,existing,profile_verified,True,,eduroam,eduroam,TTLS,configured,anonymous@ual.es,absent,,true,radius.ual.es,06491,14177,https://cloud.securew2.com/public/06491/eduroam/,https://cloud.securew2.com/public/06491/eduroam/?device=Android,https://cloud.securew2.com/public/06491/eduroam/android/SecureW2.cloudconfig,2026-09-11,decoded_ok,downloaded_200_23546bytes,200,200,1,institution_or_organization,eap_ttls;anonymous_identity_configured;outer_identity_absent,,,true,decoded_ok,TTLS,eap_tls;peap_ttls;anonymous_identity_configured;no_explicit_outer_identity;use_dpi_ssl_not_found;use_firefox_cert_store_not_found;server_validation_true,aaf320cfc081255e,092faaec74e25cc938861211e8cb79dfd9815697bb6c3a73b5a5420edd96749e
Nebraska Wesleyan University,existing,profile_verified,True,,NWU-Wireless,nwu-wireless | nwu-wireless24,TTLS,absent,,absent,,true,rad.nebrwesleyan.edu,42164,33281,https://cloud.securew2.com/public/42164/NWU-Wireless/,https://cloud.securew2.com/public/42164/NWU-Wireless/?device=Android,https://cloud.securew2.com/public/42164/NWU-Wireless/android/SecureW2.cloudconfig,2026-09-11,decoded_ok,downloaded_200_33332bytes,200,200,2,institution_or_organization,eap_ttls;anonymous_identity_absent;outer_identity_absent,false,,true,decoded_ok,TTLS,eap_tls;peap_ttls;no_explicit_anonymous_identity;no_explicit_outer_identity;use_dpi_ssl_false;use_firefox_cert_store_not_found;server_validation_true,674ec8c7b62926b4,7d637f932e8361970b1165861ba588a6d296b7c60cfdecfe493a1c059c322905
Universidad de Almeria,existing,profile_verified,True,,eduroam_wifi_2,eduroam,TTLS,configured,anonymous@ual.es,absent,,true,radius.ual.es,06491,17746,https://cloud.securew2.com/public/06491/eduroam_wifi_2/,https://cloud.securew2.com/public/06491/eduroam_wifi_2/?device=Android,https://cloud.securew2.com/public/06491/eduroam_wifi_2/android/SecureW2.cloudconfig,2026-09-11,decoded_ok,downloaded_200_16973bytes,200,200,1,institution_or_organization,eap_ttls;anonymous_identity_configured;outer_identity_absent,,,true,decoded_ok,TTLS,eap_tls;peap_ttls;anonymous_identity_configured;no_explicit_outer_identity;use_dpi_ssl_not_found;use_firefox_cert_store_not_found;server_validation_true,4d43c628c0c19b1a,5b3ecb9712374d4089181730eb33519bb5ffb7d5baa6ef40db791e54a96e91f1
Rutgers University,existing,profile_verified,True,,RUWirelessSecure,RUWireless Secure,TTLS,absent,,absent,,true,ise.ruw.rutgers.edu,09325,79200,https://cloud.securew2.com/public/09325/RUWirelessSecure/,https://cloud.securew2.com/public/09325/RUWirelessSecure/?device=Android,https://cloud.securew2.com/public/09325/RUWirelessSecure/android/SecureW2.cloudconfig,2026-09-11,decoded_ok,downloaded_200_71288bytes,200,200,1,institution_or_organization,eap_ttls;anonymous_identity_absent;outer_identity_absent,false,false,true,decoded_ok,TTLS,eap_tls;peap_ttls;no_explicit_anonymous_identity;no_explicit_outer_identity;use_dpi_ssl_false;use_firefox_cert_store_false;server_validation_true,1dc4102076bdcdde,afa2201e62510a6ae7443c9ef5c51d1a7dd494ad5b4fea055d1e5ee464ec88c2
Fachhochschule Südwestfalen,existing,profile_verified,True,,eduroam_2016_allOS,eduroam,TTLS,configured,anonymous@fh-swf.de,absent,,true,wlangate.fh-swf.de,39802,13205,https://cloud.securew2.com/public/39802/eduroam_2016_allOS/,https://cloud.securew2.com/public/39802/eduroam_2016_allOS/?device=Android,https://cloud.securew2.com/public/39802/eduroam_2016_allOS/android/SecureW2.cloudconfig,2026-09-11,decoded_ok,downloaded_200_25377bytes,200,200,1,institution_or_organization,eap_ttls;anonymous_identity_configured;outer_identity_absent,,,true,decoded_ok,TTLS,eap_tls;peap_ttls;anonymous_identity_configured;no_explicit_outer_identity;use_dpi_ssl_not_found;use_firefox_cert_store_not_found;server_validation_true,4935cce5c75e9ff4,29f587479c267b4174ef82c0dd435b6471c6f9aceb8d6d33d7eaa54a05dcb04d
Berklee College of Music,existing,profile_verified,True,,Berklee-Student,Berklee-Student,TTLS,absent,,absent,,false,,17819,2989,https://cloud.securew2.com/public/17819/Berklee-Student/,https://cloud.securew2.com/public/17819/Berklee-Student/?device=Android,https://cloud.securew2.com/public/17819/Berklee-Student/android/SecureW2.cloudconfig,2026-09-11,decoded_ok,downloaded_200_5372bytes,200,200,1,institution_or_organization,eap_ttls;anonymous_identity_absent;outer_identity_absent,,,,decoded_ok,TTLS,eap_tls;peap_ttls;no_explicit_anonymous_identity;no_explicit_outer_identity;use_dpi_ssl_not_found;use_firefox_cert_store_not_found;server_validation_false,c1ce6dee45e83d13,020f752a549eecb23607d57fd1b33508a2cc1a6233732506ed3886ee9f4f900c
Ghent University,existing,profile_verified,True,,eduroam UGent,eduroam,TTLS,configured,anonymous@UGent.be,absent,,true,ugrad.UGent.be,99183,1538,https://cloud.securew2.com/public/99183/eduroam_UGent/,https://cloud.securew2.com/public/99183/eduroam_UGent/?device=Android,https://cloud.securew2.com/public/99183/eduroam_UGent/android/SecureW2.cloudconfig,2026-09-11,decoded_ok,downloaded_200_7420bytes,200,200,1,institution_or_organization,eap_ttls;anonymous_identity_configured;outer_identity_absent,,,true,decoded_ok,TTLS,eap_tls;peap_ttls;anonymous_identity_configured;no_explicit_outer_identity;use_dpi_ssl_not_found;use_firefox_cert_store_not_found;server_validation_true,44e0095619ec7933,001fd9172934ff1f1634f5ebea7e00efc54305d2ebaa52ebe94b96bfa55ce33c
North Dakota University System,existing,profile_verified,True,,MaSU-EAP-TLS,MaSU Secured,TLS,absent,,absent,,true,*.ndus.edu,32065,80886,https://cloud.securew2.com/public/32065/MaSU-EAP-TLS/,https://cloud.securew2.com/public/32065/MaSU-EAP-TLS/?device=Android,https://cloud.securew2.com/public/32065/MaSU-EAP-TLS/android/SecureW2.cloudconfig,2026-09-11,decoded_ok,downloaded_200_92019bytes,200,200,1,institution_or_organization,eap_tls;anonymous_identity_absent;outer_identity_absent,false,false,true,decoded_ok,TLS,eap_tls;websso_tls_enrollment;no_explicit_anonymous_identity;no_explicit_outer_identity;use_dpi_ssl_false;use_firefox_cert_store_false;server_validation_true,88f72202a00b8657,343773c9949180d89c3a4af4a97291944c80b99a7a4ac71bd3394b184e8f5183
North Dakota University System,existing,profile_verified,True,,VCSU-EAP-TLS,VCSU Secure,TLS,absent,,absent,,true,*.ndus.edu,32065,80885,https://cloud.securew2.com/public/32065/VCSU-EAP-TLS/,https://cloud.securew2.com/public/32065/VCSU-EAP-TLS/?device=Android,https://cloud.securew2.com/public/32065/VCSU-EAP-TLS/android/SecureW2.cloudconfig,2026-09-11,decoded_ok,downloaded_200_91999bytes,200,200,1,institution_or_organization,eap_tls;anonymous_identity_absent;outer_identity_absent,false,false,true,decoded_ok,TLS,eap_tls;websso_tls_enrollment;no_explicit_anonymous_identity;no_explicit_outer_identity;use_dpi_ssl_false;use_firefox_cert_store_false;server_validation_true,bbfb47f8a9912342,3f8223cee7a89b25a9cc724bf1e8417aeaac343e5365f0eb15ed58f9e72608ff
University of Washington,existing,profile_verified,True,,eduroam-tls,eduroam,TLS,configured,anonymous@uw.edu,absent,,true,radius.uw.edu,67017,79033,https://cloud.securew2.com/public/67017/eduroam-tls/,https://cloud.securew2.com/public/67017/eduroam-tls/?device=Android,https://cloud.securew2.com/public/67017/eduroam-tls/android/SecureW2.cloudconfig,2026-09-11,decoded_ok,downloaded_200_77421bytes,200,200,1,institution_or_organization,eap_tls;anonymous_identity_configured;outer_identity_absent,false,false,true,decoded_ok,TLS,eap_tls;websso_tls_enrollment;anonymous_identity_configured;no_explicit_outer_identity;use_dpi_ssl_false;use_firefox_cert_store_false;server_validation_true,b103033de931c184,f30822b9d0a9d76dfc4a37b24061f00dfbc56723e1226f7740b671f47e2fb041
Vanderbilt University,existing,profile_verified,True,,vuNet-Eduroam-TLS-Prod,eduroam | vuNet,TLS,absent,,absent,,true,vu-cppm-radius-int.it.vanderbilt.edu,66268,79630,https://cloud.securew2.com/public/66268/vuNet-Eduroam-TLS-Prod/,https://cloud.securew2.com/public/66268/vuNet-Eduroam-TLS-Prod/?device=Android,https://cloud.securew2.com/public/66268/vuNet-Eduroam-TLS-Prod/android/SecureW2.cloudconfig,2026-09-11,decoded_ok,downloaded_200_85389bytes,200,200,2,institution_or_organization,eap_tls;anonymous_identity_absent;outer_identity_absent,false,false,true,decoded_ok,TLS,eap_tls;websso_tls_enrollment;no_explicit_anonymous_identity;no_explicit_outer_identity;use_dpi_ssl_false;use_firefox_cert_store_false;server_validation_true,ab9f0779499c72ab,09c7c897eb762bed9af595b28f98af502348fd9bb2837fdbae38b07c3339cd72
University of Illinois Urbana-Champaign,existing,profile_verified,True,,IllinoisNet-Eduroam-TLS,IllinoisNet | eduroam,TLS,absent,,absent,,true,wireless.illinois.edu,56437,80342,https://cloud.securew2.com/public/56437/IllinoisNet-Eduroam-TLS/,https://cloud.securew2.com/public/56437/IllinoisNet-Eduroam-TLS/?device=Android,https://cloud.securew2.com/public/56437/IllinoisNet-Eduroam-TLS/android/SecureW2.cloudconfig,2026-09-11,decoded_ok,downloaded_200_94465bytes,200,200,2,institution_or_organization,eap_tls;anonymous_identity_absent;outer_identity_absent,false,false,true,decoded_ok,TLS,eap_tls;websso_tls_enrollment;no_explicit_anonymous_identity;no_explicit_outer_identity;use_dpi_ssl_false;use_firefox_cert_store_false;server_validation_true,2b375b6b546cb81f,5de82f39d3de083ae5b32d7a5f653d5647591cb545ca2ceb65a26d5d8540205c
Stony Brook University,existing,profile_verified,True,,eduroam-TLS,eduroam,TLS,absent,,absent,,true,loki.noc.stonybrook.edu,21070,80724,https://cloud.securew2.com/public/21070/eduroam-TLS/,https://cloud.securew2.com/public/21070/eduroam-TLS/?device=Android,https://cloud.securew2.com/public/21070/eduroam-TLS/android/SecureW2.cloudconfig,2026-09-11,decoded_ok,downloaded_200_78484bytes,200,200,1,institution_or_organization,eap_tls;anonymous_identity_absent;outer_identity_absent,false,false,true,decoded_ok,TLS,eap_tls;websso_tls_enrollment;no_explicit_anonymous_identity;no_explicit_outer_identity;use_dpi_ssl_false;use_firefox_cert_store_false;server_validation_true,51b4468415a4aa73,0b0a57e8c456427fb730edda434eb8d5fe5d2e4d3992c2d2514f5f36f56b251d
Minnesota State Community and Technical College,existing,profile_verified,True,,SFLAN,SFLAN,TTLS,absent,,absent,,false,,32753,7357,https://cloud.securew2.com/public/32753/SFLAN/,https://cloud.securew2.com/public/32753/SFLAN/?device=Android,https://cloud.securew2.com/public/32753/SFLAN/android/SecureW2.cloudconfig,2026-09-11,decoded_ok,downloaded_200_10350bytes,200,200,1,institution_or_organization,eap_ttls;anonymous_identity_absent;outer_identity_absent,,,,decoded_ok,TTLS,eap_tls;peap_ttls;no_explicit_anonymous_identity;no_explicit_outer_identity;use_dpi_ssl_not_found;use_firefox_cert_store_not_found;server_validation_false,973e5bfbf2c811c1,5a05f60955de822ecf03a16fe5550ff992136213bca3dd01698db752d4065485
Worcester Polytechnic Institute,existing,profile_verified,True,,WPI Secure Wireless Profile,WPI-Wireless | eduroam,TLS,absent,,absent,,true,netops-radius-server.wpi.edu,03418,79546,https://cloud.securew2.com/public/03418/WPI_Secure_Wireless_Profile/,https://cloud.securew2.com/public/03418/WPI_Secure_Wireless_Profile/?device=Android,https://cloud.securew2.com/public/03418/WPI_Secure_Wireless_Profile/android/SecureW2.cloudconfig,2026-09-11,decoded_ok,downloaded_200_76675bytes,200,200,2,institution_or_organization,eap_tls;anonymous_identity_absent;outer_identity_absent,false,false,true,decoded_ok,TLS,eap_tls;websso_tls_enrollment;no_explicit_anonymous_identity;no_explicit_outer_identity;use_dpi_ssl_false;use_firefox_cert_store_false;server_validation_true,e1ecc22bf254763c,b5e66341cefa632f7af50cd8ee0632e41589614f54346c6e0497686af545d6b5
Central New Mexico Community College,existing,profile_verified,True,,BYOD_tls_Azure,CNM_TLS,TLS,absent,,absent,,true,*.securew2.com,34107,78405,https://cloud.securew2.com/public/34107/BYOD_tls_Azure/,https://cloud.securew2.com/public/34107/BYOD_tls_Azure/?device=Android,https://cloud.securew2.com/public/34107/BYOD_tls_Azure/android/SecureW2.cloudconfig,2026-09-11,decoded_ok,downloaded_200_77477bytes,200,200,1,institution_or_organization,eap_tls;anonymous_identity_absent;outer_identity_absent,false,false,true,decoded_ok,TLS,eap_tls;websso_tls_enrollment;no_explicit_anonymous_identity;no_explicit_outer_identity;use_dpi_ssl_false;use_firefox_cert_store_false;server_validation_true,cd1e27cf6e9ea105,9d24d2f9934730328ef25edeb012bf02ebd20e91fcf62da9a779410f99c6b362
Salisbury University,existing,profile_verified,True,,Salisbury University Owned Devices,SU-Secure,PEAP,absent,,absent,,true,*.salisbury.edu,13917,79139,https://cloud.securew2.com/public/13917/Salisbury_University_Owned_Devices/,https://cloud.securew2.com/public/13917/Salisbury_University_Owned_Devices/?device=Android,https://cloud.securew2.com/public/13917/Salisbury_University_Owned_Devices/android/SecureW2.cloudconfig,2026-09-11,decoded_ok,downloaded_200_82339bytes,200,200,1,institution_or_organization,eap_peap;anonymous_identity_absent;outer_identity_absent,false,false,true,decoded_ok,PEAP,peap_ttls;no_explicit_anonymous_identity;no_explicit_outer_identity;use_dpi_ssl_false;use_firefox_cert_store_false;server_validation_true,4751ec8875d1e33e,3e71fbb4712a07463c228edf35b2ecada4eb2a0f55162ab28ed1efeb1b7aa85c
Central New Mexico Community College,existing,profile_verified,True,,BYOD_tls,CNM_TLS,TLS,absent,,absent,,true,*.securew2.com,34107,59344,https://cloud.securew2.com/public/34107/BYOD_tls/,https://cloud.securew2.com/public/34107/BYOD_tls/?device=Android,https://cloud.securew2.com/public/34107/BYOD_tls/android/SecureW2.cloudconfig,2026-09-11,decoded_ok,downloaded_200_64931bytes,200,200,1,institution_or_organization,eap_tls;anonymous_identity_absent;outer_identity_absent,false,false,true,decoded_ok,TLS,eap_tls;websso_tls_enrollment;no_explicit_anonymous_identity;no_explicit_outer_identity;use_dpi_ssl_false;use_firefox_cert_store_false;server_validation_true,80c4f566336f7e36,2c1de32f92ab050ef3c3dff24bd0975c03966e3601b2023d111686e71e9d4dac
Rochester Institute of Technology,existing,profile_verified,True,,eduroam,eduroam,TLS,absent,,absent,,true,radius.rit.edu,46836,79819,https://cloud.securew2.com/public/46836/eduroam/,https://cloud.securew2.com/public/46836/eduroam/?device=Android,https://cloud.securew2.com/public/46836/eduroam/android/SecureW2.cloudconfig,2026-09-11,decoded_ok,downloaded_200_86955bytes,200,200,1,institution_or_organization,eap_tls;anonymous_identity_absent;outer_identity_absent,false,false,true,decoded_ok,TLS,eap_tls;websso_tls_enrollment;no_explicit_anonymous_identity;no_explicit_outer_identity;use_dpi_ssl_false;use_firefox_cert_store_false;server_validation_true,51e324b3c1713133,7e4cb053bc33a29070aa09f40e899220fc32180286b07e0e6c7ad19a52e5fad1
UCL University College,existing,profile_verified,True,,UCL-eduroam,eduroam,TLS,absent,,absent,,true,access.ucl.dk,56113,80722,https://cloud.securew2.com/public/56113/UCL-eduroam/,https://cloud.securew2.com/public/56113/UCL-eduroam/?device=Android,https://cloud.securew2.com/public/56113/UCL-eduroam/android/SecureW2.cloudconfig,2026-09-11,decoded_ok,downloaded_200_83574bytes,200,200,1,institution_or_organization,eap_tls;anonymous_identity_absent;outer_identity_absent,false,false,true,decoded_ok,TLS,eap_tls;websso_tls_enrollment;no_explicit_anonymous_identity;no_explicit_outer_identity;use_dpi_ssl_false;use_firefox_cert_store_false;server_validation_true,88c609494914fb87,2a73e076df9528c7b2576c39ad1948219a24b9bb03479fe5d0be8a02174785ce
Valdosta State University,existing,profile_verified,True,,eduroam,eduroam,TLS,absent,,absent,,true,clearpass.valdosta.edu,79364,76653,https://cloud.securew2.com/public/79364/eduroam/,https://cloud.securew2.com/public/79364/eduroam/?device=Android,https://cloud.securew2.com/public/79364/eduroam/android/SecureW2.cloudconfig,2026-09-11,decoded_ok,downloaded_200_85578bytes,200,200,1,institution_or_organization,eap_tls;anonymous_identity_absent;outer_identity_absent,false,false,true,decoded_ok,TLS,eap_tls;websso_tls_enrollment;no_explicit_anonymous_identity;no_explicit_outer_identity;use_dpi_ssl_false;use_firefox_cert_store_false;server_validation_true,d4b58231b512a66b,674d63988849ebe2b0da98a3eab6a0730e5800be3c61b52989e4973f8138c07f
Indiana University,existing,profile_verified,True,,Eduroam_2021,eduroam,TLS,absent,,absent,,true,*.cni.iu.edu,83421,79230,https://cloud.securew2.com/public/83421/Eduroam_2021/,https://cloud.securew2.com/public/83421/Eduroam_2021/?device=Android,https://cloud.securew2.com/public/83421/Eduroam_2021/android/SecureW2.cloudconfig,2026-09-11,decoded_ok,downloaded_200_81694bytes,200,200,1,institution_or_organization,eap_tls;anonymous_identity_absent;outer_identity_absent,false,false,true,decoded_ok,TLS,eap_tls;websso_tls_enrollment;no_explicit_anonymous_identity;no_explicit_outer_identity;use_dpi_ssl_false;use_firefox_cert_store_false;server_validation_true,c0a9007883cffd7d,898f2cac7f6eff54d595ac6b6ab72e44604181d1304617fd0f134d1a5c760655
University of Michigan Ann Arbor,existing,profile_verified,True,,UMich-WiFi,MWireless | eduroam,PEAP,absent,,absent,,true,radius.umnet.umich.edu,92472,80631,https://cloud.securew2.com/public/92472/UMich-WiFi/,https://cloud.securew2.com/public/92472/UMich-WiFi/?device=Android,https://cloud.securew2.com/public/92472/UMich-WiFi/android/SecureW2.cloudconfig,2026-09-11,decoded_ok,downloaded_200_76074bytes,200,200,2,institution_or_organization,eap_peap;anonymous_identity_absent;outer_identity_absent,false,false,true,decoded_ok,PEAP,peap_ttls;no_explicit_anonymous_identity;no_explicit_outer_identity;use_dpi_ssl_false;use_firefox_cert_store_false;server_validation_false,6e6860cd60626e5c,deca43874be8ed8d53b4c56d4d28b933e9c64a527650e79a45e23aa52158a326
Salt Lake Community College,existing,profile_verified,True,,SLCC,eduroam,TLS,absent,,absent,,true,vslccacs.slcc.edu,71918,77508,https://cloud.securew2.com/public/71918/SLCC/,https://cloud.securew2.com/public/71918/SLCC/?device=Android,https://cloud.securew2.com/public/71918/SLCC/android/SecureW2.cloudconfig,2026-09-11,decoded_ok,downloaded_200_76101bytes,200,200,1,institution_or_organization,eap_tls;anonymous_identity_absent;outer_identity_absent,false,false,true,decoded_ok,TLS,eap_tls;websso_tls_enrollment;no_explicit_anonymous_identity;no_explicit_outer_identity;use_dpi_ssl_false;use_firefox_cert_store_false;server_validation_true,b0ebe5571bdde23e,badfadf7ebc2be7fa108ac52ee9e910ae4d158cec40eaf08b56cf1a7a6e94db6
MiraCosta College,existing,profile_verified,True,,mcc-secure-wifi,mcc-secure-wifi,TLS,absent,,absent,,true,*.securew2.com,70901,80684,https://cloud.securew2.com/public/70901/mcc-secure-wifi/,https://cloud.securew2.com/public/70901/mcc-secure-wifi/?device=Android,https://cloud.securew2.com/public/70901/mcc-secure-wifi/android/SecureW2.cloudconfig,2026-09-11,decoded_ok,downloaded_200_76277bytes,200,200,1,institution_or_organization,eap_tls;anonymous_identity_absent;outer_identity_absent,false,false,true,decoded_ok,TLS,eap_tls;websso_tls_enrollment;no_explicit_anonymous_identity;no_explicit_outer_identity;use_dpi_ssl_false;use_firefox_cert_store_false;server_validation_true,1d449b2650a83a44,78cbc24e166d16fd81d35295236443ec7a55ff71e97b78c825f7216bade155ea
University of Virginia,existing,profile_verified,True,,standard,eduroam,TLS,absent,,absent,,true,wireless.itc.virginia.edu,82116,80112,https://cloud.securew2.com/public/82116/standard/,https://cloud.securew2.com/public/82116/standard/?device=Android,https://cloud.securew2.com/public/82116/standard/android/SecureW2.cloudconfig,2026-09-11,decoded_ok,downloaded_200_79198bytes,200,200,1,institution_or_organization,eap_tls;anonymous_identity_absent;outer_identity_absent,false,false,true,decoded_ok,TLS,eap_tls;websso_tls_enrollment;no_explicit_anonymous_identity;no_explicit_outer_identity;use_dpi_ssl_false;use_firefox_cert_store_false;server_validation_true,2ae463b8da7cf632,7619fa05c8471e40adcfb349ac32aa850af68e9cab52b425d44a7642183d4584
Marymount University,existing,profile_verified,True,,MU-TLS,MUSaint,TLS,absent,,absent,,true,*.securew2.com,87643,77288,https://cloud.securew2.com/public/87643/MU-TLS/,https://cloud.securew2.com/public/87643/MU-TLS/?device=Android,https://cloud.securew2.com/public/87643/MU-TLS/android/SecureW2.cloudconfig,2026-09-11,decoded_ok,downloaded_200_83115bytes,200,200,1,institution_or_organization,eap_tls;anonymous_identity_absent;outer_identity_absent,false,false,true,decoded_ok,TLS,eap_tls;websso_tls_enrollment;no_explicit_anonymous_identity;no_explicit_outer_identity;use_dpi_ssl_false;use_firefox_cert_store_false;server_validation_true,918f9b5be5d38018,cc5fcc095842233c6a88ede9d5c820799ee45ac27a0254dfa0e51356589f3cc0
East Carolina University,existing,profile_verified,True,,ecu_prod,eduroam,TLS,absent,,absent,,true,*.intra.ecu.edu,63776,80257,https://cloud.securew2.com/public/63776/ecu_prod/,https://cloud.securew2.com/public/63776/ecu_prod/?device=Android,https://cloud.securew2.com/public/63776/ecu_prod/android/SecureW2.cloudconfig,2026-09-11,decoded_ok,downloaded_200_86241bytes,200,200,2,institution_or_organization,eap_tls;anonymous_identity_absent;outer_identity_absent,false,false,true,decoded_ok,TLS,eap_tls;websso_tls_enrollment;no_explicit_anonymous_identity;no_explicit_outer_identity;use_dpi_ssl_false;use_firefox_cert_store_false;server_validation_true,6692ce1456c3ca7f,740be4bdc8f6e42853e2c37a461d31ff85c7b7bfa91ac8e4b7415e6d3e943413
University of North Carolina - Chapel Hill,existing,profile_verified,True,,SecuredGuestAccess,eduroam,PEAP,absent,,absent,,false,,68741,80236,https://cloud.securew2.com/public/68741/SecuredGuestAccess/,https://cloud.securew2.com/public/68741/SecuredGuestAccess/?device=Android,https://cloud.securew2.com/public/68741/SecuredGuestAccess/android/SecureW2.cloudconfig,2026-09-11,decoded_ok,downloaded_200_66253bytes,200,200,1,institution_or_organization,eap_peap;anonymous_identity_absent;outer_identity_absent,,,,decoded_ok,PEAP,peap_ttls;no_explicit_anonymous_identity;no_explicit_outer_identity;use_dpi_ssl_not_found;use_firefox_cert_store_not_found;server_validation_false,bb31c8ce600b1634,4f817e75c0c61fcf030e36a53fec556772263823b1e8ad0be38235d93385fb34
Langara College,existing,profile_verified,True,,eduroam,eduroam | eduroam5GHz,PEAP,absent,,absent,,true,quake1.langara.bc.ca;wifi.langara.ca,94463,74456,https://cloud.securew2.com/public/94463/eduroam/,https://cloud.securew2.com/public/94463/eduroam/?device=Android,https://cloud.securew2.com/public/94463/eduroam/android/SecureW2.cloudconfig,2026-09-11,decoded_ok,downloaded_200_79902bytes,200,200,2,institution_or_organization,eap_peap;anonymous_identity_absent;outer_identity_absent,false,false,true,decoded_ok,PEAP,peap_ttls;no_explicit_anonymous_identity;no_explicit_outer_identity;use_dpi_ssl_false;use_firefox_cert_store_false;server_validation_true,0495379e02a54cd8,af2e70b597c9e57626ef3e880b6047509027a6204bd01dd3d927e4a5203b0808
California State University East Bay,existing,profile_verified,True,,csueb_eduroam,eduroam,TLS,absent,,absent,,true,*.csueastbay.edu,13849,79745,https://cloud.securew2.com/public/13849/csueb_eduroam/,https://cloud.securew2.com/public/13849/csueb_eduroam/?device=Android,https://cloud.securew2.com/public/13849/csueb_eduroam/android/SecureW2.cloudconfig,2026-09-11,decoded_ok,downloaded_200_88348bytes,200,200,1,institution_or_organization,eap_tls;anonymous_identity_absent;outer_identity_absent,false,false,true,decoded_ok,TLS,eap_tls;websso_tls_enrollment;no_explicit_anonymous_identity;no_explicit_outer_identity;use_dpi_ssl_false;use_firefox_cert_store_false;server_validation_true,c4857dadc9b4389e,58d987d9190777b569da8a6228ab281209305e132f5865dff7c5f332e0d6ca5e
Oregon State University,existing,profile_verified,True,,eduroam,eduroam,TLS,absent,,absent,,true,*.nws.oregonstate.edu,51606,76323,https://cloud.securew2.com/public/51606/eduroam/,https://cloud.securew2.com/public/51606/eduroam/?device=Android,https://cloud.securew2.com/public/51606/eduroam/android/SecureW2.cloudconfig,2026-09-11,decoded_ok,downloaded_200_77499bytes,200,200,1,institution_or_organization,eap_tls;anonymous_identity_absent;outer_identity_absent,false,false,true,decoded_ok,TLS,eap_tls;websso_tls_enrollment;no_explicit_anonymous_identity;no_explicit_outer_identity;use_dpi_ssl_false;use_firefox_cert_store_false;server_validation_true,acda169d909bba5c,b622c1f0bd9fd67713c724d1bc6d450cfcb4ef519cfe5d19cdf2cca562e2daff
DePaul University,existing,profile_verified,True,,eduroam,eduroam,TLS,absent,,absent,,true,*.depaul.edu,57847,80605,https://cloud.securew2.com/public/57847/eduroam/,https://cloud.securew2.com/public/57847/eduroam/?device=Android,https://cloud.securew2.com/public/57847/eduroam/android/SecureW2.cloudconfig,2026-09-11,decoded_ok,downloaded_200_74593bytes,200,200,1,institution_or_organization,eap_tls;anonymous_identity_absent;outer_identity_absent,false,false,true,decoded_ok,TLS,eap_tls;websso_tls_enrollment;no_explicit_anonymous_identity;no_explicit_outer_identity;use_dpi_ssl_false;use_firefox_cert_store_false;server_validation_true,34895d15787c0cf5,e393133c3b81a9498aca4c3c2f2cfbdc576a5820e000002cab9c1819a3d0c525
University of Kentucky,existing,profile_verified,True,,UKeduroam,eduroam,TLS,absent,,absent,,true,*.net.uky.edu,85919,79145,https://cloud.securew2.com/public/85919/UKeduroam/,https://cloud.securew2.com/public/85919/UKeduroam/?device=Android,https://cloud.securew2.com/public/85919/UKeduroam/android/SecureW2.cloudconfig,2026-09-11,decoded_ok,downloaded_200_80139bytes,200,200,1,institution_or_organization,eap_tls;anonymous_identity_absent;outer_identity_absent,false,false,true,decoded_ok,TLS,eap_tls;websso_tls_enrollment;no_explicit_anonymous_identity;no_explicit_outer_identity;use_dpi_ssl_false;use_firefox_cert_store_false;server_validation_true,af5afeb1a17f4f54,c95d95022e6abd9964caeafb792e5d4d35a707d1f72836cc997d426f532790e9
Denison University,existing,profile_verified,True,,eduroam,eduroam,TLS,absent,,absent,,true,*.denison.edu,07540,80384,https://cloud.securew2.com/public/07540/eduroam/,https://cloud.securew2.com/public/07540/eduroam/?device=Android,https://cloud.securew2.com/public/07540/eduroam/android/SecureW2.cloudconfig,2026-09-11,decoded_ok,downloaded_200_75603bytes,200,200,1,institution_or_organization,eap_tls;anonymous_identity_absent;outer_identity_absent,false,false,true,decoded_ok,TLS,eap_tls;websso_tls_enrollment;no_explicit_anonymous_identity;no_explicit_outer_identity;use_dpi_ssl_false;use_firefox_cert_store_false;server_validation_true,9136f0588c89a5ae,44e5aa524cee91ce94c50b0e7163e93417e7cc71021eb0b9b7ed7fb076a4a2eb
Technische Universitat Braunschweig,existing,profile_verified,True,,eduroam,eduroam,TTLS,configured,anonymous@tu-braunschweig.de,absent,,true,netauth.rz.tu-bs.de,41878,80041,https://cloud.securew2.com/public/41878/eduroam/,https://cloud.securew2.com/public/41878/eduroam/?device=Android,https://cloud.securew2.com/public/41878/eduroam/android/SecureW2.cloudconfig,2026-09-11,decoded_ok,downloaded_200_74631bytes,200,200,1,institution_or_organization,eap_ttls;anonymous_identity_configured;outer_identity_absent,false,false,true,decoded_ok,TTLS,eap_tls;peap_ttls;anonymous_identity_configured;no_explicit_outer_identity;use_dpi_ssl_false;use_firefox_cert_store_false;server_validation_true,38ae848c7219103d,91597d1fce2b21207c0e23ab16f5d0d64e833598e15610121948ee500a0a0def
Xavier University,existing,profile_verified,True,,xavierwireless,xavierwireless,PEAP,absent,,absent,,true,*.xavier.edu,04628,73938,https://cloud.securew2.com/public/04628/xavierwireless/,https://cloud.securew2.com/public/04628/xavierwireless/?device=Android,https://cloud.securew2.com/public/04628/xavierwireless/android/SecureW2.cloudconfig,2026-09-11,decoded_ok,downloaded_200_78040bytes,200,200,1,institution_or_organization,eap_peap;anonymous_identity_absent;outer_identity_absent,false,false,true,decoded_ok,PEAP,peap_ttls;no_explicit_anonymous_identity;no_explicit_outer_identity;use_dpi_ssl_false;use_firefox_cert_store_false;server_validation_true,24b883c0536e4730,1e6aed6be04f1c4105fc46a6632dd646af83364b840829207b54764de4907b9d
University of Colorado Boulder,existing,profile_verified,True,,CU Secure,CU Secure,TLS,absent,,absent,,true,*.int.colorado.edu,41406,80102,https://cloud.securew2.com/public/41406/CU_Secure/,https://cloud.securew2.com/public/41406/CU_Secure/?device=Android,https://cloud.securew2.com/public/41406/CU_Secure/android/SecureW2.cloudconfig,2026-09-11,decoded_ok,downloaded_200_93415bytes,200,200,1,institution_or_organization,eap_tls;anonymous_identity_absent;outer_identity_absent,false,false,true,decoded_ok,TLS,eap_tls;websso_tls_enrollment;no_explicit_anonymous_identity;no_explicit_outer_identity;use_dpi_ssl_false;use_firefox_cert_store_false;server_validation_true,366bc66c5457a337,9547a458e1bc3d108fc753ba55c3a260c7d11172f04fc99bb8dbb80840a2355f
Villanova University,existing,profile_verified,True,,BYOD,VUConnect,TLS,absent,,absent,,true,aaa.villanova.edu,25486,79361,https://cloud.securew2.com/public/25486/BYOD/,https://cloud.securew2.com/public/25486/BYOD/?device=Android,https://cloud.securew2.com/public/25486/BYOD/android/SecureW2.cloudconfig,2026-09-11,decoded_ok,downloaded_200_76571bytes,200,200,1,institution_or_organization,eap_tls;anonymous_identity_absent;outer_identity_absent,false,false,true,decoded_ok,TLS,eap_tls;websso_tls_enrollment;no_explicit_anonymous_identity;no_explicit_outer_identity;use_dpi_ssl_false;use_firefox_cert_store_false;server_validation_true,f6b5741fbc685f92,b205a6b2ea3c1d8d53a7468263795d210b4dff578572306c61b056ecbe8ddea3
Emory University,existing,profile_verified,True,,EmoryUnplugged Wireless Network,EmoryUnplugged,TLS,absent,,absent,,true,auth.emory.net,15909,78094,https://cloud.securew2.com/public/15909/EmoryUnplugged_Wireless_Network/,https://cloud.securew2.com/public/15909/EmoryUnplugged_Wireless_Network/?device=Android,https://cloud.securew2.com/public/15909/EmoryUnplugged_Wireless_Network/android/SecureW2.cloudconfig,2026-09-11,decoded_ok,downloaded_200_91252bytes,200,200,1,institution_or_organization,eap_tls;anonymous_identity_absent;outer_identity_absent,false,false,true,decoded_ok,TLS,eap_tls;websso_tls_enrollment;no_explicit_anonymous_identity;no_explicit_outer_identity;use_dpi_ssl_false;use_firefox_cert_store_false;server_validation_true,92b4504fda8bdca8,81e5176478c52dc2cc317876d4f5516e28ce29dec41772dc4eda50bc88733372
State College Area School District,existing,profile_verified,True,,SCASD-Enterprise-BYOD,SCASD-Enterprise,TLS,absent,,absent,,true,vx-exnacapp1.scasd.org;vx-exnacapp2.scasd.org,23152,77113,https://cloud.securew2.com/public/23152/SCASD-Enterprise-BYOD/,https://cloud.securew2.com/public/23152/SCASD-Enterprise-BYOD/?device=Android,https://cloud.securew2.com/public/23152/SCASD-Enterprise-BYOD/android/SecureW2.cloudconfig,2026-09-11,decoded_ok,downloaded_200_79543bytes,200,200,1,institution_or_organization,eap_tls;anonymous_identity_absent;outer_identity_absent,false,false,true,decoded_ok,TLS,eap_tls;websso_tls_enrollment;no_explicit_anonymous_identity;no_explicit_outer_identity;use_dpi_ssl_false;use_firefox_cert_store_false;server_validation_true,8cb42561478202c5,ce6b3d8fe573d3bd626e73a4fa442859dcd42635b56965afcd8a0507257c44f4
Capital University,existing,profile_verified,True,,Capital-StudentMobile_TLS,Cap-StudentMobile | Capital-StudentMobile,PEAP | TLS,absent,,absent,,true,*.capital.edu,16101,74221,https://cloud.securew2.com/public/16101/Capital-StudentMobile_TLS/,https://cloud.securew2.com/public/16101/Capital-StudentMobile_TLS/?device=Android,https://cloud.securew2.com/public/16101/Capital-StudentMobile_TLS/android/SecureW2.cloudconfig,2026-09-11,decoded_ok,downloaded_200_78708bytes,200,200,2,institution_or_organization,eap_peap;eap_tls;anonymous_identity_absent;outer_identity_absent,false,false,true,decoded_ok,PEAP | TLS,eap_tls;peap_ttls;websso_tls_enrollment;no_explicit_anonymous_identity;no_explicit_outer_identity;use_dpi_ssl_false;use_firefox_cert_store_false;server_validation_true,b1bc31b9611f53ea,a45d7ad23ffa27ce966c429a7498e38805b57e6fd9fdf2150ff5b3cc3f9687a3
Irvine Valley College,existing,profile_verified,True,,IVCW_STUDENT,IVCW_STUDENT,TLS,absent,,absent,,true,iradius-A.ivc.edu;aidradius-A.ivc.edu;aidradius-B.ivc.edu;iradius-B.ivc.edu;az2eduroam-a.ivc.edu;az2eduroam-b.ivc.edu;iz2eduroam-a.ivc.edu;iz2eduroam-b.ivc.edu;,64110,77658,https://cloud.securew2.com/public/64110/IVCW_STUDENT/,https://cloud.securew2.com/public/64110/IVCW_STUDENT/?device=Android,https://cloud.securew2.com/public/64110/IVCW_STUDENT/android/SecureW2.cloudconfig,2026-09-11,decoded_ok,downloaded_200_79489bytes,200,200,1,institution_or_organization,eap_tls;anonymous_identity_absent;outer_identity_absent,false,false,true,decoded_ok,TLS,eap_tls;websso_tls_enrollment;no_explicit_anonymous_identity;no_explicit_outer_identity;use_dpi_ssl_false;use_firefox_cert_store_false;server_validation_true,797ddb3f3a958a47,222092248faa027a428fb139cc167dfeb201279ef131fc40f1d9cf90e72d1ef2
Grand Valley State University,existing,profile_verified,True,,GV-Student,GV-Student,PEAP,absent,,absent,,true,psn.ise.server.gvsu.edu,54120,77481,https://cloud.securew2.com/public/54120/GV-Student/,https://cloud.securew2.com/public/54120/GV-Student/?device=Android,https://cloud.securew2.com/public/54120/GV-Student/android/SecureW2.cloudconfig,2026-09-11,decoded_ok,downloaded_200_69479bytes,200,200,1,institution_or_organization,eap_peap;anonymous_identity_absent;outer_identity_absent,false,false,true,decoded_ok,PEAP,peap_ttls;no_explicit_anonymous_identity;no_explicit_outer_identity;use_dpi_ssl_false;use_firefox_cert_store_false;server_validation_true,f893dafbfc4a525b,68ce2778f41db6375050c8b53d984a74c2993750780ccb7905044a1a68d0b999
Limerick Institute of Technology,existing,profile_verified,True,,Digicert-Student,eduroam,PEAP,absent,,absent,,true,MY-Radius01.litdom.lit.ie;MY-Radius01-02.litdom.lit.ie;MY-Radius02.litdom.lit.ie;LITTN-Radius01.litdom.lit.ie,34186,60026,https://cloud.securew2.com/public/34186/Digicert-Student/,https://cloud.securew2.com/public/34186/Digicert-Student/?device=Android,https://cloud.securew2.com/public/34186/Digicert-Student/android/SecureW2.cloudconfig,2026-09-11,decoded_ok,downloaded_200_59400bytes,200,200,1,institution_or_organization,eap_peap;anonymous_identity_absent;outer_identity_absent,false,false,true,decoded_ok,PEAP,peap_ttls;no_explicit_anonymous_identity;no_explicit_outer_identity;use_dpi_ssl_false;use_firefox_cert_store_false;server_validation_true,c2f50ca5eb5559d9,8a9a93ecc01c046facfbf785b20d2d53a998b3412a4793ddfbf66bb8f9c4fc3b
AMDA,existing,profile_verified,True,,Students - Faculty - Staff,Broadway,TLS,absent,,absent,,true,*.securew2.com,96499,80733,https://cloud.securew2.com/public/96499/Students_-_Faculty_-_Staff/,https://cloud.securew2.com/public/96499/Students_-_Faculty_-_Staff/?device=Android,https://cloud.securew2.com/public/96499/Students_-_Faculty_-_Staff/android/SecureW2.cloudconfig,2026-09-11,decoded_ok,downloaded_200_72636bytes,200,200,1,institution_or_organization,eap_tls;anonymous_identity_absent;outer_identity_absent,false,false,true,decoded_ok,TLS,eap_tls;websso_tls_enrollment;no_explicit_anonymous_identity;no_explicit_outer_identity;use_dpi_ssl_false;use_firefox_cert_store_false;server_validation_true,563d14e95b9c39f1,d526c2a14818dbfb674eaa21e5fcc13c45cdeb5b1aa62d9ef5877a940592af9d
California State University Fullerton,existing,profile_verified,True,,CSUFTLS-Faculty-Staff-Remote,eduroam,TLS,absent,,absent,,true,*.fullerton.edu,14819,76749,https://cloud.securew2.com/public/14819/CSUFTLS-Faculty-Staff-Remote/,https://cloud.securew2.com/public/14819/CSUFTLS-Faculty-Staff-Remote/?device=Android,https://cloud.securew2.com/public/14819/CSUFTLS-Faculty-Staff-Remote/android/SecureW2.cloudconfig,2026-09-11,decoded_ok,downloaded_200_80019bytes,200,200,1,institution_or_organization,eap_tls;anonymous_identity_absent;outer_identity_absent,false,false,true,decoded_ok,TLS,eap_tls;websso_tls_enrollment;no_explicit_anonymous_identity;no_explicit_outer_identity;use_dpi_ssl_false;use_firefox_cert_store_false;server_validation_true,342267ccc4c13187,fcb93eff72a7ee3601f3e3fa9fcef4de11a5217173abc618696ad32a226f369e
Irvine Valley College,existing,profile_verified,True,,IVCW_STAFF,IVCW_STAFF,TLS,absent,,absent,,true,iradius-a.ivc.edu;aidradius-a.ivc.edu;aidradius-b.ivc.edu;az2eduroam-a.ivc.edu;az2eduroam-b.ivc.edu;iradius-b.ivc.edu;iz2eduroam-a.ivc.edu;iz2eduroam-b.ivc.edu;,64110,77657,https://cloud.securew2.com/public/64110/IVCW_STAFF/,https://cloud.securew2.com/public/64110/IVCW_STAFF/?device=Android,https://cloud.securew2.com/public/64110/IVCW_STAFF/android/SecureW2.cloudconfig,2026-09-11,decoded_ok,downloaded_200_82258bytes,200,200,1,institution_or_organization,eap_tls;anonymous_identity_absent;outer_identity_absent,false,false,true,decoded_ok,TLS,eap_tls;websso_tls_enrollment;no_explicit_anonymous_identity;no_explicit_outer_identity;use_dpi_ssl_false;use_firefox_cert_store_false;server_validation_true,bea13957bd4228f4,a05f2f84eb51f241e21269525687d51532e4052703d10a9338f0ee7d948a3e3f
London School Of Hygiene & Tropical Medicine,existing,profile_verified,True,,eduroam,eduroam,PEAP,absent,,absent,,true,radius-a.lshtm.ac.uk,68770,78613,https://cloud.securew2.com/public/68770/eduroam/,https://cloud.securew2.com/public/68770/eduroam/?device=Android,https://cloud.securew2.com/public/68770/eduroam/android/SecureW2.cloudconfig,2026-09-11,decoded_ok,downloaded_200_77536bytes,200,200,1,institution_or_organization,eap_peap;anonymous_identity_absent;outer_identity_absent,false,false,true,decoded_ok,PEAP,peap_ttls;no_explicit_anonymous_identity;no_explicit_outer_identity;use_dpi_ssl_false;use_firefox_cert_store_false;server_validation_true,91b23a5f6abde7d2,2e0b5ab6e57f78a77f2f110a5d2a0f42c4a2a8da1a82504520fa8578982409c8
Grand Valley State University,existing,profile_verified,True,,GV-Faculty-Staff,GV-Faculty-Staff,PEAP,absent,,absent,,true,psn.ise.server.gvsu.edu,54120,77480,https://cloud.securew2.com/public/54120/GV-Faculty-Staff/,https://cloud.securew2.com/public/54120/GV-Faculty-Staff/?device=Android,https://cloud.securew2.com/public/54120/GV-Faculty-Staff/android/SecureW2.cloudconfig,2026-09-11,decoded_ok,downloaded_200_69518bytes,200,200,1,institution_or_organization,eap_peap;anonymous_identity_absent;outer_identity_absent,false,false,true,decoded_ok,PEAP,peap_ttls;no_explicit_anonymous_identity;no_explicit_outer_identity;use_dpi_ssl_false;use_firefox_cert_store_false;server_validation_true,ae0cfd41cc81db63,b11424142042837d4dee092e95a82307636f922e37466f33847ebf3ac7eac9ca
Stevens Institute of Technology,existing,profile_verified,True,,Stevens_Net,Stevens-Net,TLS,absent,,absent,,true,*.cc.stevens.edu,22872,80659,https://cloud.securew2.com/public/22872/Stevens_Net/,https://cloud.securew2.com/public/22872/Stevens_Net/?device=Android,https://cloud.securew2.com/public/22872/Stevens_Net/android/SecureW2.cloudconfig,2026-09-11,decoded_ok,downloaded_200_74619bytes,200,200,1,institution_or_organization,eap_tls;anonymous_identity_absent;outer_identity_absent,false,false,true,decoded_ok,TLS,eap_tls;websso_tls_enrollment;no_explicit_anonymous_identity;no_explicit_outer_identity;use_dpi_ssl_false;use_firefox_cert_store_false;server_validation_true,10e23259134524f1,740c9d04a7bd7b954e28b78e8ae5e5e2c06474d7734113ac4156484bc31a26f9
Illinois State University,existing,profile_verified,True,,isunet,isunet,TLS,absent,,absent,,true,wireless.ilstu.edu,96262,80639,https://cloud.securew2.com/public/96262/isunet/,https://cloud.securew2.com/public/96262/isunet/?device=Android,https://cloud.securew2.com/public/96262/isunet/android/SecureW2.cloudconfig,2026-09-11,decoded_ok,downloaded_200_96277bytes,200,200,1,institution_or_organization,eap_tls;anonymous_identity_absent;outer_identity_absent,false,false,true,decoded_ok,TLS,eap_tls;websso_tls_enrollment;no_explicit_anonymous_identity;no_explicit_outer_identity;use_dpi_ssl_false;use_firefox_cert_store_false;server_validation_true,8da847a17321e194,0a428ad8942106394532f692bf0185edf378d49b32b005311af249aadcf1a338
California State University Fullerton,existing,profile_verified,True,,CSUFTLS-Faculty-Staff,eduroam,TLS,absent,,absent,,true,*.fullerton.edu,14819,57228,https://cloud.securew2.com/public/14819/CSUFTLS-Faculty-Staff/,https://cloud.securew2.com/public/14819/CSUFTLS-Faculty-Staff/?device=Android,https://cloud.securew2.com/public/14819/CSUFTLS-Faculty-Staff/android/SecureW2.cloudconfig,2026-09-11,decoded_ok,downloaded_200_59849bytes,200,200,1,institution_or_organization,eap_tls;anonymous_identity_absent;outer_identity_absent,false,false,true,decoded_ok,TLS,eap_tls;websso_tls_enrollment;no_explicit_anonymous_identity;no_explicit_outer_identity;use_dpi_ssl_false;use_firefox_cert_store_false;server_validation_true,9d3de33566f16d71,ad5a5fdb85e768b2839f8e87ee5cd1be5fbd516a5a5cf151d97eb39fe54c41e0
Pensacola State College,existing,profile_verified,True,,BYOD_tls,PSC,TLS,absent,,absent,,true,Airbus.pensacolastate.edu,87008,79236,https://cloud.securew2.com/public/87008/BYOD_tls/,https://cloud.securew2.com/public/87008/BYOD_tls/?device=Android,https://cloud.securew2.com/public/87008/BYOD_tls/android/SecureW2.cloudconfig,2026-09-11,decoded_ok,downloaded_200_72400bytes,200,200,1,institution_or_organization,eap_tls;anonymous_identity_absent;outer_identity_absent,false,false,true,decoded_ok,TLS,eap_tls;websso_tls_enrollment;no_explicit_anonymous_identity;no_explicit_outer_identity;use_dpi_ssl_false;use_firefox_cert_store_false;server_validation_true,796df6cb7bf55582,2d59b4ec0f70ee97f25f61e690f2bf7cf94c72889221a837a6dc4adaa082030f
Southern Connecticut State University,existing,profile_verified,True,,Eduroam,eduroam,TLS,absent,,absent,,true,ise.scsu.southernct.edu,53983,77149,https://cloud.securew2.com/public/53983/Eduroam/,https://cloud.securew2.com/public/53983/Eduroam/?device=Android,https://cloud.securew2.com/public/53983/Eduroam/android/SecureW2.cloudconfig,2026-09-11,decoded_ok,downloaded_200_77312bytes,200,200,1,institution_or_organization,eap_tls;anonymous_identity_absent;outer_identity_absent,false,false,true,decoded_ok,TLS,eap_tls;websso_tls_enrollment;no_explicit_anonymous_identity;no_explicit_outer_identity;use_dpi_ssl_false;use_firefox_cert_store_false;server_validation_true,aba8196ae76139dd,057f289fe42556dda4a8a14f9eb468b3b02483b43914cb88a3732b8039f4788c
The University of the South,existing,profile_verified,True,,eduroam_new,eduroam,TLS,absent,,absent,,true,clearpass02.sewanee.edu,94869,78172,https://cloud.securew2.com/public/94869/eduroam_new/,https://cloud.securew2.com/public/94869/eduroam_new/?device=Android,https://cloud.securew2.com/public/94869/eduroam_new/android/SecureW2.cloudconfig,2026-09-11,decoded_ok,downloaded_200_77515bytes,200,200,1,institution_or_organization,eap_tls;anonymous_identity_absent;outer_identity_absent,false,false,true,decoded_ok,TLS,eap_tls;websso_tls_enrollment;no_explicit_anonymous_identity;no_explicit_outer_identity;use_dpi_ssl_false;use_firefox_cert_store_false;server_validation_true,dd2d23008bac68da,c29211e215c35b8162e54d6da32e1382cf6037a896b97d4b15274e1383f565f2
Kutztown University,existing,profile_verified,True,,BearNet-TLS,BearNet Secure,TLS,absent,,absent,,true,*.securew2.com,71756,79252,https://cloud.securew2.com/public/71756/BearNet-TLS/,https://cloud.securew2.com/public/71756/BearNet-TLS/?device=Android,https://cloud.securew2.com/public/71756/BearNet-TLS/android/SecureW2.cloudconfig,2026-09-11,decoded_ok,downloaded_200_76780bytes,200,200,1,institution_or_organization,eap_tls;anonymous_identity_absent;outer_identity_absent,false,false,true,decoded_ok,TLS,eap_tls;websso_tls_enrollment;no_explicit_anonymous_identity;no_explicit_outer_identity;use_dpi_ssl_false;use_firefox_cert_store_false;server_validation_true,8ca92f7591eff311,61adffd2f6b68b9893a29abc938919cb581a751874e238a7d48c2e1c07180cf4
Duke University,existing,profile_verified,True,,eduroam,eduroam,PEAP,absent,,absent,,true,*.oit.duke.edu,77146,79838,https://cloud.securew2.com/public/77146/eduroam/,https://cloud.securew2.com/public/77146/eduroam/?device=Android,https://cloud.securew2.com/public/77146/eduroam/android/SecureW2.cloudconfig,2026-09-11,decoded_ok,downloaded_200_80510bytes,200,200,1,institution_or_organization,eap_peap;anonymous_identity_absent;outer_identity_absent,false,false,true,decoded_ok,PEAP,peap_ttls;no_explicit_anonymous_identity;no_explicit_outer_identity;use_dpi_ssl_false;use_firefox_cert_store_false;server_validation_true,ababa95a6c4f46da,31fc152c612f82f1a284a8806404881c03f3449e31a63fd87a72226ed145c6cc
Stevens Institute of Technology,existing,profile_verified,True,,Eduroam,eduroam,TLS,absent,,absent,,true,*.cc.stevens.edu,22872,80660,https://cloud.securew2.com/public/22872/Eduroam/,https://cloud.securew2.com/public/22872/Eduroam/?device=Android,https://cloud.securew2.com/public/22872/Eduroam/android/SecureW2.cloudconfig,2026-09-11,decoded_ok,downloaded_200_74580bytes,200,200,1,institution_or_organization,eap_tls;anonymous_identity_absent;outer_identity_absent,false,false,true,decoded_ok,TLS,eap_tls;websso_tls_enrollment;no_explicit_anonymous_identity;no_explicit_outer_identity;use_dpi_ssl_false;use_firefox_cert_store_false;server_validation_true,cf40a074729378dd,44b3c2830e7810e654241ccfcae4154caf2c65e6d0aeb7886df30219f14a6613
Stevens Institute of Technology,existing,profile_verified,True,,Stevens-Net,Stevens-Net,TLS,absent,,absent,,true,*.cc.stevens.edu,22872,56321,https://cloud.securew2.com/public/22872/Stevens-Net/,https://cloud.securew2.com/public/22872/Stevens-Net/?device=Android,https://cloud.securew2.com/public/22872/Stevens-Net/android/SecureW2.cloudconfig,2026-09-11,decoded_ok,downloaded_200_54071bytes,200,200,1,institution_or_organization,eap_tls;anonymous_identity_absent;outer_identity_absent,false,false,true,decoded_ok,TLS,eap_tls;websso_tls_enrollment;no_explicit_anonymous_identity;no_explicit_outer_identity;use_dpi_ssl_false;use_firefox_cert_store_false;server_validation_true,35b0c033c4f0b710,e7152b3bda0b82554b9c679dcf16f74e7655c86c8e25ac9ad27a85647487678d
University of Michigan Flint,existing,profile_verified,True,,MFlint,MFlint,TLS,absent,,absent,,true,pf.umflint.edu,41793,79829,https://cloud.securew2.com/public/41793/MFlint/,https://cloud.securew2.com/public/41793/MFlint/?device=Android,https://cloud.securew2.com/public/41793/MFlint/android/SecureW2.cloudconfig,2026-09-11,decoded_ok,downloaded_200_82917bytes,200,200,1,institution_or_organization,eap_tls;anonymous_identity_absent;outer_identity_absent,false,false,true,decoded_ok,TLS,eap_tls;websso_tls_enrollment;no_explicit_anonymous_identity;no_explicit_outer_identity;use_dpi_ssl_false;use_firefox_cert_store_false;server_validation_true,9eb00502872e807c,6eb78a937ee373774a5bb9f0609d6c742baf07993307d45cadd9617e8471744e
School of Visual Arts,existing,profile_verified,True,,SVA-Secure-RADIUS,SVA Secure WiFi,TLS,absent,,absent,,true,*.securew2.com,52763,79834,https://cloud.securew2.com/public/52763/SVA-Secure-RADIUS/,https://cloud.securew2.com/public/52763/SVA-Secure-RADIUS/?device=Android,https://cloud.securew2.com/public/52763/SVA-Secure-RADIUS/android/SecureW2.cloudconfig,2026-09-11,decoded_ok,downloaded_200_77287bytes,200,200,1,institution_or_organization,eap_tls;anonymous_identity_absent;outer_identity_absent,false,false,true,decoded_ok,TLS,eap_tls;websso_tls_enrollment;no_explicit_anonymous_identity;no_explicit_outer_identity;use_dpi_ssl_false;use_firefox_cert_store_false;server_validation_true,d79ac667c0744328,4b26ab81eb344f8d82dd5e872399bbda32ad593aede1cf61e8836a7643d5545a
University of Louisville,existing,profile_verified,True,,uofl_eduroam,eduroam,TLS,absent,,absent,,true,ise.louisville.edu,78686,75951,https://cloud.securew2.com/public/78686/uofl_eduroam/,https://cloud.securew2.com/public/78686/uofl_eduroam/?device=Android,https://cloud.securew2.com/public/78686/uofl_eduroam/android/SecureW2.cloudconfig,2026-09-11,decoded_ok,downloaded_200_76493bytes,200,200,1,institution_or_organization,eap_tls;anonymous_identity_absent;outer_identity_absent,false,false,true,decoded_ok,TLS,eap_tls;websso_tls_enrollment;no_explicit_anonymous_identity;no_explicit_outer_identity;use_dpi_ssl_false;use_firefox_cert_store_false;server_validation_true,a9ffb5805f5b0edb,f626e36dbf98d236098880a95acbaef7ef23d12e4746c376a57622300ac88d32
University of Nebraska,existing,profile_verified,True,,nu-net,eduroam,PEAP,absent,,absent,,true,nu-net.nebraska.edu,25806,80051,https://cloud.securew2.com/public/25806/nu-net/,https://cloud.securew2.com/public/25806/nu-net/?device=Android,https://cloud.securew2.com/public/25806/nu-net/android/SecureW2.cloudconfig,2026-09-11,decoded_ok,downloaded_200_87649bytes,200,200,1,institution_or_organization,eap_peap;anonymous_identity_absent;outer_identity_absent,false,false,true,decoded_ok,PEAP,peap_ttls;no_explicit_anonymous_identity;no_explicit_outer_identity;use_dpi_ssl_false;use_firefox_cert_store_false;server_validation_true,86e1a6758fde572c,0e6f2e30eba43e7c03d5d5ed185e652940a8902d8ec545b8d1b3a9824a1415f4
Purdue University,existing,profile_verified,True,,nw-prd-eduroam,eduroam,PEAP,absent,,absent,,true,dbm.i2a2.purdue.edu;iseservers.pfw.edu;iseservers.pnw.edu;radius.tcom.purdue.edu,62946,79935,https://cloud.securew2.com/public/62946/nw-prd-eduroam/,https://cloud.securew2.com/public/62946/nw-prd-eduroam/?device=Android,https://cloud.securew2.com/public/62946/nw-prd-eduroam/android/SecureW2.cloudconfig,2026-09-11,decoded_ok,downloaded_200_90603bytes,200,200,1,institution_or_organization,eap_peap;anonymous_identity_absent;outer_identity_absent,false,false,true,decoded_ok,PEAP,peap_ttls;no_explicit_anonymous_identity;no_explicit_outer_identity;use_dpi_ssl_false;use_firefox_cert_store_false;server_validation_true,ee669282e9ef7370,b1dad2105bdac1097697325d53baad88c4ad5fabe2263a32af763c5d17a0bbe5
Boise State University,existing,profile_verified,True,,eduroam,eduroam,PEAP,absent,,absent,,true,*.boisestate.edu,17861,77681,https://cloud.securew2.com/public/17861/eduroam/,https://cloud.securew2.com/public/17861/eduroam/?device=Android,https://cloud.securew2.com/public/17861/eduroam/android/SecureW2.cloudconfig,2026-09-11,decoded_ok,downloaded_200_70562bytes,200,200,1,institution_or_organization,eap_peap;anonymous_identity_absent;outer_identity_absent,false,false,true,decoded_ok,PEAP,peap_ttls;no_explicit_anonymous_identity;no_explicit_outer_identity;use_dpi_ssl_false;use_firefox_cert_store_false;server_validation_true,8ebc1dc83858b102,9d5b32ad9419a95b5bb836392b15fa7b31b4750c99c724fe32f3b29e83703f03
Dixie State University,existing,profile_verified,True,,utahtech_eduroam,eduroam,TLS,absent,,absent,,true,gate.utahtech.edu,80462,80121,https://cloud.securew2.com/public/80462/utahtech_eduroam/,https://cloud.securew2.com/public/80462/utahtech_eduroam/?device=Android,https://cloud.securew2.com/public/80462/utahtech_eduroam/android/SecureW2.cloudconfig,2026-09-11,decoded_ok,downloaded_200_79545bytes,200,200,1,institution_or_organization,eap_tls;anonymous_identity_absent;outer_identity_absent,false,false,true,decoded_ok,TLS,eap_tls;websso_tls_enrollment;no_explicit_anonymous_identity;no_explicit_outer_identity;use_dpi_ssl_false;use_firefox_cert_store_false;server_validation_true,c99c67294d4c7939,3ee3516c6f07ed60eb4bfb5f5ecac8d25638b57b17226abbcb5a94911d30c2b4
Fordham University,existing,profile_verified,True,,eduroamPROD,eduroam,TLS,absent,,absent,,true,nps.ds.fordham.edu,36185,80231,https://cloud.securew2.com/public/36185/eduroamPROD/,https://cloud.securew2.com/public/36185/eduroamPROD/?device=Android,https://cloud.securew2.com/public/36185/eduroamPROD/android/SecureW2.cloudconfig,2026-09-11,decoded_ok,downloaded_200_76576bytes,200,200,1,institution_or_organization,eap_tls;anonymous_identity_absent;outer_identity_absent,false,false,true,decoded_ok,TLS,eap_tls;websso_tls_enrollment;no_explicit_anonymous_identity;no_explicit_outer_identity;use_dpi_ssl_false;use_firefox_cert_store_false;server_validation_true,5643121f36bdf31a,a7350210cfa9b69eec36da15ce72d019b7c9bf6f0f0f1421e7ba4dd7c45e8061
Minnesota State University Mankato,existing,profile_verified,True,,eduroam,eduroam,TLS,configured,eduroam@mnsu.edu,absent,,true,radius.mnsu.edu,36287,80396,https://cloud.securew2.com/public/36287/eduroam/,https://cloud.securew2.com/public/36287/eduroam/?device=Android,https://cloud.securew2.com/public/36287/eduroam/android/SecureW2.cloudconfig,2026-09-11,decoded_ok,downloaded_200_84367bytes,200,200,1,institution_or_organization,eap_tls;anonymous_identity_configured;outer_identity_absent,false,false,true,decoded_ok,TLS,eap_tls;websso_tls_enrollment;anonymous_identity_configured;no_explicit_outer_identity;use_dpi_ssl_false;use_firefox_cert_store_false;server_validation_true,c2d140815a4b1805,f51c120d94f2c2004186ca6053f094a1f5ce435c281603f661b4ac77e68a8f89
California State University Chico,existing,profile_verified,True,,eduroam,eduroam,PEAP,absent,,absent,,true,eduroam.csuchico.edu,65775,56509,https://cloud.securew2.com/public/65775/eduroam/,https://cloud.securew2.com/public/65775/eduroam/?device=Android,https://cloud.securew2.com/public/65775/eduroam/android/SecureW2.cloudconfig,2026-09-11,decoded_ok,downloaded_200_46691bytes,200,200,1,institution_or_organization,eap_peap;anonymous_identity_absent;outer_identity_absent,false,false,true,decoded_ok,PEAP,eap_peap;no_explicit_anonymous_identity;no_explicit_outer_identity;use_dpi_ssl_false;use_firefox_cert_store_false;server_validation_true,6ecac3e874193d75,b27ffe5d93a269a050de106989105c76259673035aa75f1a47662934cbe969e4
Hochschule Bochum,existing,profile_verified,True,,eduroam,eduroam,TTLS,configured,anonymous@hs-bochum.de,absent,,true,rad00.hs-bochum.de;rad01.hs-bochum.de;rad02.hs-bochum.de;rad10.hs-bochum.de;rad11.hs-bochum.de;rad12.hs-bochum.de,38286,64381,https://cloud.securew2.com/public/38286/eduroam/,https://cloud.securew2.com/public/38286/eduroam/?device=Android,https://cloud.securew2.com/public/38286/eduroam/android/SecureW2.cloudconfig,2026-09-11,decoded_ok,downloaded_200_68387bytes,200,200,1,institution_or_organization,eap_ttls;anonymous_identity_configured;outer_identity_absent,false,false,true,decoded_ok,TTLS,eap_ttls;anonymous_identity_configured;no_explicit_outer_identity;use_dpi_ssl_false;use_firefox_cert_store_false;server_validation_true,fe0bdb94784392ec,947beab837f00902b97bd13303f2d883a52719aa2376a6479de47ab4ea407dd6
Jacksonville State University,existing,profile_verified,True,,Jax-wireless,JAX-Wireless,TLS,absent,,absent,,true,*.securew2.com,66841,78679,https://cloud.securew2.com/public/66841/Jax-wireless/,https://cloud.securew2.com/public/66841/Jax-wireless/?device=Android,https://cloud.securew2.com/public/66841/Jax-wireless/android/SecureW2.cloudconfig,2026-09-11,decoded_ok,downloaded_200_76675bytes,200,200,1,institution_or_organization,eap_tls;anonymous_identity_absent;outer_identity_absent,false,false,true,decoded_ok,TLS,eap_tls;websso_tls_enrollment;no_explicit_anonymous_identity;no_explicit_outer_identity;use_dpi_ssl_false;use_firefox_cert_store_false;server_validation_true,3773b545ae600071,8269cfe72e16c2f021dc10b87d88ecc79ef98f355cabca2e53c7462b1aee8fd9
Appalachian State University,existing,profile_verified,True,,appstate_secure_2,asu-secure,TLS,absent,,absent,,true,*.securew2.com,78434,77115,https://cloud.securew2.com/public/78434/appstate_secure_2/,https://cloud.securew2.com/public/78434/appstate_secure_2/?device=Android,https://cloud.securew2.com/public/78434/appstate_secure_2/android/SecureW2.cloudconfig,2026-09-11,decoded_ok,downloaded_200_72895bytes,200,200,1,institution_or_organization,eap_tls;anonymous_identity_absent;outer_identity_absent,false,false,true,decoded_ok,TLS,eap_tls;websso_tls_enrollment;no_explicit_anonymous_identity;no_explicit_outer_identity;use_dpi_ssl_false;use_firefox_cert_store_false;server_validation_true,6de17f2c408b697e,599334f712239003a267a449086398922f4c0dc7fbf399b834ff56de9f7cb89a
University of Massachusetts Amherst,existing,profile_verified,True,,umass-amherst-eduroam,eduroam,TTLS,absent,,absent,,true,clearpass.it.umass.edu,40918,80519,https://cloud.securew2.com/public/40918/umass-amherst-eduroam/,https://cloud.securew2.com/public/40918/umass-amherst-eduroam/?device=Android,https://cloud.securew2.com/public/40918/umass-amherst-eduroam/android/SecureW2.cloudconfig,2026-09-11,decoded_ok,downloaded_200_72435bytes,200,200,1,institution_or_organization,eap_ttls;anonymous_identity_absent;outer_identity_absent,false,false,true,decoded_ok,TTLS,eap_ttls;no_explicit_anonymous_identity;no_explicit_outer_identity;use_dpi_ssl_false;use_firefox_cert_store_false;server_validation_true,41c873493bab1f8a,d78e1c23cb7fc486434159fc419eb164003e0684fdfb7f28619cdf0373d07b45
Cascadia College,existing,profile_verified,True,,eduroam,eduroam,TLS,absent,,absent,,true,*.cascadia.edu,31234,80710,https://onboard.wifi.cascadia.edu/,https://onboard.wifi.cascadia.edu/,https://cloud.securew2.com/public/31234/eduroam/android/SecureW2.cloudconfig,2026-09-11,decoded_ok,downloaded_200_80265bytes,200,200,1,institution_or_organization,eap_tls;anonymous_identity_absent;outer_identity_absent,false,false,true,decoded_ok,TLS,eap_tls;websso_tls_enrollment;no_explicit_anonymous_identity;no_explicit_outer_identity;use_dpi_ssl_false;use_firefox_cert_store_false;server_validation_true,ca7055605bfcab40,b324a7f69254e47844c04cc7e6a7f2fcb49bf49994362b7bf609c47a1fae3afe
Griffith University,existing,profile_verified,True,,Griffith University,Griffith University,TLS,absent,,absent,,true,wireless.griffith.edu.au,60335,79017,https://wifi.griffith.edu.au/,https://wifi.griffith.edu.au/,https://cloud.securew2.com/public/60335/Griffith_University/android/SecureW2.cloudconfig,2026-09-11,decoded_ok,downloaded_200_86485bytes,200,200,1,institution_or_organization,eap_tls;anonymous_identity_absent;outer_identity_absent,false,false,true,not_decoded,,cloudconfig_unavailable;official_securew2_confirmed;not_available_for_static_classification,b04ab0f338624c02,57c690cc8983989ab87284cb945ec5829dfffd3255d057cf5e7a538259c9d522
Dartmouth College,new,profile_verified,True,,Dartmouth,Dartmouth | eduroam,TLS,configured,anonymous@dartmouth.edu,absent,,true,radius.dartmouth.edu,30165,80079,https://cloud.securew2.com/public/30165/Dartmouth/,https://wifi.dartmouth.edu/,https://cloud.securew2.com/public/30165/Dartmouth/android/SecureW2.cloudconfig,2026-09-11,decoded_ok,downloaded_200_85964bytes,200,200,2,institution_or_organization,eap_tls;anonymous_identity_configured;outer_identity_absent,false,false,true,,,,d3d3521f70120aca,629967acaf452265977c9e56d910b1cdd6b5fa98809d0728f944002948e24105
Dartmouth College,new,profile_verified,True,,DCAD,DCAD | eduroam,TLS,configured,anonymous@dartmouth.edu,absent,,true,radius.dartmouth.edu,30165,80078,https://cloud.securew2.com/public/30165/DCAD/,https://wifi.dartmouth.edu/,https://cloud.securew2.com/public/30165/DCAD/android/SecureW2.cloudconfig,2026-09-11,decoded_ok,downloaded_200_85949bytes,200,200,2,institution_or_organization,eap_tls;anonymous_identity_configured;outer_identity_absent,false,false,true,,,,48f2ce42ccc39d30,de1c9981233c07a8a12766be6980825204045bc708520f592c3908e6b8e2dad8
University of Delaware,new,profile_verified,True,,eduroam_TLS,eduroam,TLS,absent,,absent,,true,*.wifi.udel.edu,15781,80728,https://cloud.securew2.com/public/15781/eduroam_TLS/,https://www1.udel.edu/getstarted,https://cloud.securew2.com/public/15781/eduroam_TLS/android/SecureW2.cloudconfig,2026-09-11,decoded_ok,downloaded_200_76164bytes,200,200,1,institution_or_organization,eap_tls;anonymous_identity_absent;outer_identity_absent,false,false,true,,,,62d823c23d0016ed,c71d33f891766f8a94b4fac89adcadca482a618505befc7c6675028ecc32e209
Evangel University,new,profile_verified,True,,EVANGELw2,EVANGELw2,TLS,absent,,absent,,true,*.securew2.com,33729,80588,https://cloud.securew2.com/public/33729/EVANGELw2/,https://wifi.evangel.edu/,https://cloud.securew2.com/public/33729/EVANGELw2/android/SecureW2.cloudconfig,2026-09-11,decoded_ok,downloaded_200_80230bytes,200,200,1,institution_or_organization,eap_tls;anonymous_identity_absent;outer_identity_absent,false,false,true,,,,3ca3747dc2465094,cf021320c1f290275c482250da0c08e342348884b83ec06a60d3e9f13932f182
Augustana University,new,profile_verified,True,,Campus WiFi Secure,AU Secure,TLS,absent,,absent,,true,*.securew2.com,56976,49282,https://cloud.securew2.com/public/56976/Campus_WiFi_Secure/,https://cloud.securew2.com/public/56976/Groups/Augustana_University/,https://cloud.securew2.com/public/56976/Campus_WiFi_Secure/android/SecureW2.cloudconfig,2026-09-11,decoded_ok,downloaded_200_51611bytes,200,200,1,institution_or_organization,eap_tls;anonymous_identity_absent;outer_identity_absent,false,false,true,,,,7e8db0222cef2890,56b1dc772c4cc85fd5879027ac88460b7efcb1cbd35587a94fc2502fb643fe05
Augustana College,new,profile_verified,True,,ACStaff,ACStaff,TLS,absent,,absent,,true,*.securew2.com,51526,80784,https://cloud.securew2.com/public/51526/ACStaff/,https://www.augustana.edu/wireless,https://cloud.securew2.com/public/51526/ACStaff/android/SecureW2.cloudconfig,2026-09-11,decoded_ok,downloaded_200_76574bytes,200,200,1,institution_or_organization,eap_tls;anonymous_identity_absent;outer_identity_absent,false,false,true,,,,fdbf4d2f825d5a90,daf4facc5e4f36bf19213c556dcf7d1f11b520329feac337f4885b0e047079da
Augustana College,new,profile_verified,True,,ACStudents,ACStudents,TLS,absent,,absent,,true,*.securew2.com,51526,80783,https://cloud.securew2.com/public/51526/ACStudents/,https://www.augustana.edu/wireless,https://cloud.securew2.com/public/51526/ACStudents/android/SecureW2.cloudconfig,2026-09-11,decoded_ok,downloaded_200_76383bytes,200,200,1,institution_or_organization,eap_tls;anonymous_identity_absent;outer_identity_absent,false,false,true,,,,528e3c3066f3dbd9,bb4014e79b242fd3617cf0f6d47725032d144489dc6483996449ba9b1115bbb1
College of Charleston,new,profile_verified,True,,cofc-secure,eduroam,PEAP,absent,,absent,,true,,19195,26114,https://cloud.securew2.com/public/19195/cofc-secure/,https://cloud.securew2.com/public/19195/cofc-secure/,https://cloud.securew2.com/public/19195/cofc-secure/android/SecureW2.cloudconfig,2026-09-11,decoded_ok,downloaded_200_25320bytes,200,200,1,institution_or_organization,eap_peap;anonymous_identity_absent;outer_identity_absent,false,,true,,,,551528e82abf12dd,84a21a247abbe7ad866067c416fb114b084f53f2e25d52d848aaea0ccd4567f4
